-- phpMyAdmin SQL Dump
-- version 4.0.10.12
-- http://www.phpmyadmin.net
--
-- Хост: leton00.mysql.ukraine.com.ua
-- Время создания: Фев 22 2016 г., 15:32
-- Версия сервера: 5.6.27-75.0-log
-- Версия PHP: 5.6.18

SET SQL_MODE = "NO_AUTO_VALUE_ON_ZERO";
SET time_zone = "+00:00";


/*!40101 SET @OLD_CHARACTER_SET_CLIENT=@@CHARACTER_SET_CLIENT */;
/*!40101 SET @OLD_CHARACTER_SET_RESULTS=@@CHARACTER_SET_RESULTS */;
/*!40101 SET @OLD_COLLATION_CONNECTION=@@COLLATION_CONNECTION */;
/*!40101 SET NAMES utf8 */;

--
-- База данных: `leton00_sunnet`
--

-- --------------------------------------------------------

--
-- Структура таблицы `actions`
--

CREATE TABLE IF NOT EXISTS `actions` (
  `id` int(11) NOT NULL AUTO_INCREMENT,
  `title` varchar(255) DEFAULT NULL,
  `price` float(7,2) DEFAULT NULL,
  `type` int(11) NOT NULL,
  `active` int(11) DEFAULT '1',
  PRIMARY KEY (`id`)
) ENGINE=MyISAM  DEFAULT CHARSET=utf8 AUTO_INCREMENT=11 ;

--
-- Дамп данных таблицы `actions`
--

INSERT INTO `actions` (`id`, `title`, `price`, `type`, `active`) VALUES
(1, 'Постоянный покупатель', NULL, 1, 0),
(2, 'Тариф бонусный 3', NULL, 2, 0),
(3, '677667', NULL, 1, 0),
(4, 'Добро пожаловать', NULL, 1, 1),
(5, '«IpTv приставка в подарок»', NULL, 2, 1),
(6, '«Специальная цена на IpTv приставки!»', NULL, 2, 1),
(7, '«Приводи друзей!»', NULL, 2, 1),
(8, '«Выгодный абонемент!»', NULL, 2, 1),
(9, '«Wi-Fi роутер 300 Мбит/с в подарок»', NULL, 2, 1),
(10, '«Программа лояльности»', NULL, 2, 1);

-- --------------------------------------------------------

--
-- Структура таблицы `areas`
--

CREATE TABLE IF NOT EXISTS `areas` (
  `id` int(11) NOT NULL AUTO_INCREMENT,
  `title` varchar(200) DEFAULT NULL,
  `active` int(11) DEFAULT '1',
  PRIMARY KEY (`id`)
) ENGINE=MyISAM  DEFAULT CHARSET=utf8 AUTO_INCREMENT=14 ;

--
-- Дамп данных таблицы `areas`
--

INSERT INTO `areas` (`id`, `title`, `active`) VALUES
(1, 'Соломенский', 0),
(2, 'Шевченковский', 0),
(3, 'Святошинский', 0),
(4, 'Тестовый 1', 0),
(5, 'Оболонский', 1),
(6, 'Площадь Шевченко', 1),
(7, 'Коттедж', 1),
(8, 'Голосеевский', 1),
(9, 'Шевченковский', 1),
(10, 'ДВС поселок', 1),
(11, 'Автозаводская', 1),
(12, 'Соломенский', 1),
(13, 'Святошинский', 1);

-- --------------------------------------------------------

--
-- Структура таблицы `bid_status`
--

CREATE TABLE IF NOT EXISTS `bid_status` (
  `id` int(11) NOT NULL AUTO_INCREMENT,
  `title` varchar(200) DEFAULT NULL,
  `active` int(11) DEFAULT '1',
  `color` varchar(20) DEFAULT NULL,
  PRIMARY KEY (`id`)
) ENGINE=MyISAM  DEFAULT CHARSET=utf8 AUTO_INCREMENT=10 ;

--
-- Дамп данных таблицы `bid_status`
--

INSERT INTO `bid_status` (`id`, `title`, `active`, `color`) VALUES
(1, 'Новая', 1, '#00d1ff'),
(2, 'Назначенная', 1, '#1060ff'),
(3, 'Тестовый', 0, '1212'),
(6, 'Проёбанная', 1, '#ff124b'),
(4, 'В процесе', 0, '#cac5ea'),
(5, 'Готовая', 1, '#13ff00'),
(7, 'Опаздываю', 1, '#f47806'),
(8, 'В работе', 1, '#14edc6'),
(9, 'Статус ', 0, '#a82e2e');

-- --------------------------------------------------------

--
-- Структура таблицы `budget`
--

CREATE TABLE IF NOT EXISTS `budget` (
  `id` int(11) NOT NULL AUTO_INCREMENT,
  `date` int(11) DEFAULT NULL,
  `type_id` int(11) DEFAULT NULL,
  `comment` varchar(255) DEFAULT NULL,
  `user_in` int(11) DEFAULT NULL,
  `user_out` int(11) DEFAULT NULL,
  `sum_in` int(11) DEFAULT NULL,
  `sum_out` int(11) DEFAULT NULL,
  `active` int(11) DEFAULT '1',
  `user_id` int(11) DEFAULT NULL,
  `chng` int(11) DEFAULT '0',
  PRIMARY KEY (`id`)
) ENGINE=MyISAM  DEFAULT CHARSET=utf8 AUTO_INCREMENT=6 ;

--
-- Дамп данных таблицы `budget`
--

INSERT INTO `budget` (`id`, `date`, `type_id`, `comment`, `user_in`, `user_out`, `sum_in`, `sum_out`, `active`, `user_id`, `chng`) VALUES
(1, 1456146272, 1, 'Пришло', 0, 25, 100, NULL, 1, 1, 0),
(2, 1456146345, 5, '', 0, 25, NULL, 50, 1, 1, 0),
(3, 1456147446, 8, 'Переместил', 23, 25, 12, 12, 1, 1, 1),
(4, 1456147458, 8, '', 25, 23, 7, 7, 1, 1, 1),
(5, 1456147679, 5, '', NULL, 25, NULL, 40, 1, 1, 0);

-- --------------------------------------------------------

--
-- Структура таблицы `budget_change`
--

CREATE TABLE IF NOT EXISTS `budget_change` (
  `id` int(11) NOT NULL AUTO_INCREMENT,
  `budget_id` int(11) DEFAULT NULL,
  `date` int(11) DEFAULT NULL,
  `type_id` int(11) DEFAULT NULL,
  `comment` varchar(255) DEFAULT NULL,
  `user_in` int(11) DEFAULT NULL,
  `user_out` int(11) DEFAULT NULL,
  `sum_in` int(11) DEFAULT NULL,
  `sum_out` int(11) DEFAULT NULL,
  `active` int(11) DEFAULT '1',
  `user_id` int(11) DEFAULT NULL,
  PRIMARY KEY (`id`)
) ENGINE=MyISAM  DEFAULT CHARSET=utf8 AUTO_INCREMENT=26 ;

--
-- Дамп данных таблицы `budget_change`
--

INSERT INTO `budget_change` (`id`, `budget_id`, `date`, `type_id`, `comment`, `user_in`, `user_out`, `sum_in`, `sum_out`, `active`, `user_id`) VALUES
(10, 1, 1450274578, 5, 'Зп для Валентина', 7, 2, NULL, 100, 1, NULL),
(11, 3, 1450274684, 3, 'Gk.c', 9, 7, 1221, NULL, 1, 1),
(12, 2, 1450274669, 6, 'Штраф', 7, 1, NULL, 59, 1, 1),
(13, 2, 1450349451, 6, 'Штраф', 7, 1, NULL, 23, 1, 1),
(14, 9, 1450342529, 1, 'отработал', 2, 0, 3000, NULL, 1, 1),
(15, 11, 1452504779, 5, 'Выдад деньги', 10, 10, NULL, 500, 1, 1),
(16, 9, 1452782431, 1, 'отработал 1', 2, 0, 3000, NULL, 1, 1),
(17, 11, 1453821478, 5, 'Выдад деньги/ 50 uhy', 0, 0, NULL, 50, 1, 21),
(18, 11, 1454092506, 5, 'Выдад деньги/ 50 uhy', 0, 0, NULL, 505, 1, 21),
(19, 17, 1453821590, 5, 'Выдал Аванс.  тест', 20, 0, NULL, 600, 1, 21),
(20, 17, 1454092566, 5, 'Выдал Аванс.  тест', 20, 0, NULL, 60, 1, 21),
(21, 31, 1454532426, 1, 'тест', 15, 0, 100, NULL, 1, 1),
(22, 31, 1454532457, 5, 'тест', 15, 0, 100, 100, 1, 1),
(23, 4, 1456146916, 8, '', 25, 23, 5, 5, 1, 1),
(24, 3, 1456146387, 8, 'Переместил', 23, 25, 10, 10, 1, 1),
(25, 4, 1456146937, 8, '', 0, 23, 7, 7, 1, 1);

-- --------------------------------------------------------

--
-- Структура таблицы `budget_pos`
--

CREATE TABLE IF NOT EXISTS `budget_pos` (
  `id` int(11) NOT NULL AUTO_INCREMENT,
  `title` varchar(40) DEFAULT NULL,
  PRIMARY KEY (`id`)
) ENGINE=MyISAM  DEFAULT CHARSET=utf8 AUTO_INCREMENT=4 ;

--
-- Дамп данных таблицы `budget_pos`
--

INSERT INTO `budget_pos` (`id`, `title`) VALUES
(1, 'Приход'),
(2, 'Расход'),
(3, 'Перемищение');

-- --------------------------------------------------------

--
-- Структура таблицы `budget_types`
--

CREATE TABLE IF NOT EXISTS `budget_types` (
  `id` int(11) NOT NULL AUTO_INCREMENT,
  `title` varchar(100) DEFAULT NULL,
  `type` tinyint(4) DEFAULT '0',
  `comment` varchar(220) DEFAULT NULL,
  `active` int(11) DEFAULT '1',
  PRIMARY KEY (`id`)
) ENGINE=MyISAM  DEFAULT CHARSET=utf8 AUTO_INCREMENT=13 ;

--
-- Дамп данных таблицы `budget_types`
--

INSERT INTO `budget_types` (`id`, `title`, `type`, `comment`, `active`) VALUES
(1, 'Поступление', 1, 'Поступление с точек', 1),
(2, 'Инкасация', 1, '', 1),
(3, 'Подмутили', 1, '', 1),
(4, 'Тест 2222', 2, 'цууцуц', 0),
(5, 'ЗП', 2, '', 1),
(6, 'Закупка', 2, '', 1),
(7, 'Подарок', 1, '', 1),
(8, 'Перемещение', 3, '', 1),
(9, 'Космонова', 2, 'Онлата за интернет', 1),
(10, 'Олли Транс 1500 грн', 2, 'Аренда волокна', 1),
(11, 'Олли Транс 5000 грн', 2, 'Аренда волокна ', 1),
(12, 'Скретч-карты', 1, 'Нал.  от точек', 1);

-- --------------------------------------------------------

--
-- Структура таблицы `cable_type`
--

CREATE TABLE IF NOT EXISTS `cable_type` (
  `id` int(11) NOT NULL AUTO_INCREMENT,
  `title` varchar(80) DEFAULT NULL,
  PRIMARY KEY (`id`)
) ENGINE=MyISAM  DEFAULT CHARSET=utf8 AUTO_INCREMENT=3 ;

--
-- Дамп данных таблицы `cable_type`
--

INSERT INTO `cable_type` (`id`, `title`) VALUES
(1, 'Свой'),
(2, 'Компании');

-- --------------------------------------------------------

--
-- Структура таблицы `clients`
--

CREATE TABLE IF NOT EXISTS `clients` (
  `id` int(11) NOT NULL AUTO_INCREMENT,
  `name` varchar(120) DEFAULT NULL,
  `phone1` varchar(30) DEFAULT NULL,
  `phone2` varchar(30) DEFAULT NULL,
  `email` varchar(100) DEFAULT NULL,
  `area_id` int(11) DEFAULT NULL,
  `street_id` int(11) DEFAULT NULL,
  `address_house` varchar(120) DEFAULT NULL,
  `address_porch` varchar(120) DEFAULT NULL,
  `address_floor` varchar(120) DEFAULT NULL,
  `address_room` varchar(120) DEFAULT NULL,
  `date_created` int(11) DEFAULT NULL,
  `active` int(11) DEFAULT '1',
  PRIMARY KEY (`id`)
) ENGINE=MyISAM  DEFAULT CHARSET=utf8 AUTO_INCREMENT=73 ;

--
-- Дамп данных таблицы `clients`
--

INSERT INTO `clients` (`id`, `name`, `phone1`, `phone2`, `email`, `area_id`, `street_id`, `address_house`, `address_porch`, `address_floor`, `address_room`, `date_created`, `active`) VALUES
(1, 'Филипп Киркоров', '(044)999 99 9_', '(099)999 99 99', '', 2, 1, '10', '1', '12', '21', 1451311340, 1),
(2, 'Тимати', '(044)121 22 12', '(012)121 21 21', '', 2, 6, '77', '5', '5', '5', 1451311413, 1),
(3, 'Дима Монатик', '(044)122 12 12', '(012)121 21 21', '', 1, 4, '211', '12', '2', '3', 1451311478, 1),
(4, 'Кабан Олександп', '(044)112 12 12', '(012)121 21 21', '', 2, 1, '10', '12', '13', '4', 1451462249, 1),
(5, 'Бодряк Женя', '(044)001 20 21', '(012)121 21 21', '', 2, 6, '12', '21', '21', '12', 1451462326, 1),
(6, 'Златан Ибрагимович', '(044)122 12 12', '(091)299 12 91', '', 2, 6, '12', '2', '2', '2', 1451462397, 1),
(7, 'Каратэ пацан', '(044)122 21 12', '(092)121 12 12', 'adfafad@add.as', 2, 6, '10', '21', '21', '21', 1452604634, 1),
(8, 'Росомаха', '(044)121 21 21', '(012)121 21 21', '', 0, 0, '12', '2', '2', '1', 1454238656, 1),
(9, 'Петя', '(044)233 23 23', '(023)323 22 33', '', 0, 0, '7', '7', '7', '', 1453566633, 1),
(10, '1211212121', '(044)___ __ __', '(0__)___ __ __', '', 2, 6, '44', '4', '4', '4', 1452603337, 1),
(11, 'Ромка', '(044)121 21 21', '(022)121 12 12', '', 2, 6, '1', '1', '1', '1', 1452604008, 1),
(12, 'Росомах', '(044)121 21 21', '(012)121 21 21', '', 0, 0, '21', '2', '2', '2', 1453566722, 1),
(13, 'Гога', '(044)122 11 21', '(012)121 21 21', '', 2, 6, '21', '21', '', '1', 1452604421, 1),
(14, 'Аедрей', '(044)112 12 12', '(012)121 21 21', '', 0, 0, '12', '2', '2', '2', 1453562639, 1),
(15, 'Петр', '(044)___ __ __', '(0__)___ __ __', '', 0, 0, '10', '21', '21', '21', 1453739106, 1),
(16, 'Вася', '(044)121 21 21', '(012)121 21 21', '', 0, 0, '1212', '21', '21', '21', 1453562665, 1),
(17, 'Олег', '(121)212 10 44', '(021)121 21 21', '', 2, 6, '21', '21', '1', '', 1452604202, 1),
(18, 'Коля', '(044)122 11 21', '(012)121 21 21', '', 2, 6, '21', '21', '21', '1', 1452604249, 1),
(19, 'Кот', '(044)121 21 21', '(012)121 21 21', '', 2, 6, '22', '1212', '21', '21', 1452604336, 1),
(20, 'Евгений Евгеньевич', '(044)122 12 11', '(092)121 21 21', '', 2, 6, '12', '21', '21', '21', 1452783118, 1),
(21, 'Коля', '(044)121 21 21', '(002)100 12 01', '', 0, 0, '10', '2', '3', '4', 1454238659, 1),
(22, 'Женя', '(044)122 22 12', '(092)112 12 12', '', 0, 0, '10', '21', '2', '2', 1454002621, 1),
(23, 'Жека кто там', '(044)122 22 22', '(099)323 23 23', '', 2, 6, '6', '12', '2', '2', 1452845364, 1),
(24, 'Заявка', '(044)212 12 21', '(093)232 32 32', '', 0, 0, '2', '21', '21', '21', 1454002626, 1),
(25, 'Петр 1', '(044)878 78 78', '(024)343 43 43', '', 2, 1, '2', '3', '32', '2', 1452874205, 1),
(26, 'Тест от никотя', '(044)___ __ __', '(093)111 11 11', '', 0, 0, '', '', '', '', 1454238662, 1),
(27, 'тест от кольки', '(044)555 55 55', '(0__)___ __ __', '', 0, 0, '', '', '', '', 1453481562, 1),
(28, 'Константин', '(044)___ __ __', '(063)565 93 34', '', 5, 18, '7б', '4', '6', '2', 1453561984, 1),
(29, 'Сопинко Анна Васильевна', '(044)___ __ __', '(066)760 43 55', '', 5, 18, '5', '3', '4', '140', 1453561037, 1),
(30, 'Завертайло Анастисия Олегивна', '(044)___ __ __', '(093)949 99 66', '', 6, 32, '5', '1', '3', '15', 1453561181, 1),
(31, 'Александр', '(044)___ __ __', '(063)586 __ __', 'xlsun@ukr.net', 5, 18, '39', '1', '1', '2', 1453565874, 1),
(32, 'РА', '(044)___ __ __', '(063)586 66 __', '', 5, 18, '39', '1', '1', '2', 1453739100, 1),
(33, 'Лео Дима', '(044)___ __ __', '(0__)___ __ __', '', 5, NULL, '', '', '', '', 1453656626, 1),
(34, 'Кусь 24-01-15', '(044)___ __ __', '(0__)___ __ __', '', 5, 7, '12', '3', '3', '3', 1453656695, 1),
(35, 'Тест-3 Дрим таун', '(044)___ __ __', '(045)444 43 43', '', 5, 9, '22', '2', '2', '2', 1453656737, 1),
(36, 'Починить микрик', '(044)___ __ __', '(0__)___ __ __', '', 5, 18, '25', '', '', '', 1453818766, 1),
(37, 'Роман', '(044)233 23 23', '(091)221 22 11', '', 6, 24, '12', '2', '2', '2', 1454002629, 1),
(38, 'Name 2', '(044)211 21 21', '(012)121 21 21', '', 6, 27, '', '', '', '', 1453969148, 1),
(39, 'Роман', '(044)121 21 22', '(012)121 21 21', '', 6, 32, '10', '2', '12', '2', 1453969189, 1),
(40, 'Name 3', '(044)121 21 21', '(096)556 56 56', '', 10, 41, '10', '', '', '', 1453969236, 1),
(41, 'Dilan', '(044)121 21 21', '(012)121 21 21', '', 8, 36, '10', '2', '1', '2', 1454768295, 1),
(42, 'Roman ', '(044)___ __ __', '(0__)___ __ __', 'verhuur@tanja.nl', 0, 0, '12', '2', '1', '1', 1454085614, 1),
(43, 'Бред ', '(044)___ __ __', '(0__)___ __ __', '', 0, 0, '', '', '', '', 1454085604, 1),
(44, 'Бред-2', '(044)___ __ __', '(0__)___ __ __', '', 5, 7, '18', '1', '1', '1', 1454085710, 1),
(45, 'бред-3', '(044)___ __ __', '(0__)___ __ __', '', 0, 0, '', '', '', '', 1454238652, 1),
(46, 'Джон Уик', '(044)122 11 21', '(092)121 21 21', '', 9, 38, '10', '2', '', '3', 1455201736, 1),
(47, 'Дель Пьеро', '(044)211 21 21', '(092)112 12 12', '', 10, 41, '1', '10', '3', 'ап', 1455200048, 1),
(48, 'Test', '(044)___ __ __', '(0__)___ __ __', '', 6, 24, '10', '2', '1', '1', 1454488083, 1),
(49, 'Воскресенье', '(044)___ __ __', '(063)586 3_ __', '', 5, 9, '1', '1', '1', 'ее', 1454871211, 1),
(50, 'заявка-2', '(044)___ __ __', '(0__)___ __ __', '', 5, 9, '2', '2', '2', '2', 1454871248, 1),
(51, 'Тест ремонта', '(044)453 45 34', '(345)345 __ __', '', 5, 9, '3', '3', '3', '3', 1455059834, 1),
(52, 'тест-1', '(044)___ __ __', '(0__)___ __ __', '', 5, 9, '1', '1', '1', '1', 1454938840, 1),
(53, 'Тест-2', '(044)___ __ __', '(0__)___ __ __', '', 5, 9, '2', '2', '2', '2', 1454938881, 1),
(54, 'Тест-3', '(044)___ __ __', '(0__)___ __ __', '', 5, 9, '3', '3', '3', '3', 1454938911, 1),
(55, 'Ремонт-1', '(044)___ __ __', '(0__)___ __ __', '', 6, 24, '1', '1', '1', '1', 1455059810, 1),
(56, 'Тест строительства ', '(044)___ __ __', '(0__)___ __ __', '', 7, 35, '1', '1', '1', '1', 1455057279, 1),
(57, '2', '(044)___ __ __', '(0__)___ __ __', '', 6, 24, '2', '2', '2', '2', 1455287889, 1),
(58, '3', '(044)___ __ __', '(0__)___ __ __', '', 6, 24, '3', '3', '3', '3', 1455060350, 1),
(59, '4', '(044)___ __ __', '(0__)___ __ __', '', 0, 0, '4', '4', '4', '4', 1455060373, 1),
(60, '5', '(044)___ __ __', '(0__)___ __ __', '', 6, 26, '5', '5', '5', '5', 1455060393, 1),
(61, '1', '(044)___ __ __', '(0__)___ __ __', '', 5, 8, '1', '1', '1', '1', 1455200861, 1),
(62, '2', '(044)___ __ __', '(0__)___ __ __', '', 7, 35, '2', '2', '2', '2', 1455200548, 1),
(63, '3', '(044)___ __ __', '(0__)___ __ __', '', 8, 36, '3', '3', '3', '3', 1455200573, 1),
(64, 'Ремонт-1', '(044)___ __ __', '(0__)___ __ __', '', 6, 25, '1', '1', '1', '1', 1455202191, 1),
(65, '1', '(044)___ __ __', '(0__)___ __ __', '', 6, 24, '1', '1', '1', '1', 1455279547, 1),
(66, '2', '(044)___ __ __', '(0__)___ __ __', '', 6, 24, '2', '2', '2', '2', 1455281338, 1),
(67, 't1', '(044)___ __ __', '(0__)___ __ __', '', 0, 0, '1', '1', '1', '1', 1455366540, 1),
(68, 'r1', '(044)___ __ __', '(0__)___ __ __', '', 6, 25, '1', '1', '1', '1', 1455366576, 1),
(69, 'Роман', '(044)212 11 21', '(091)221 12 21', '', 7, 35, '10', '2', '2', '2', 1455882834, 1),
(70, 'Парам Парам', '(044)122 12 21', '(021)212 12 12', '', 6, 24, '76', '5', '5', '5', 1455883380, 1),
(71, 'Росомаха', '(044)121 22 11', '(095)454 54 54', '', 6, 25, '10', '1', '2', '2', 1456136809, 1),
(72, 'New York', '(044)___ __ __', '(0__)___ __ __', '', 6, 25, '10', '12', '3', '3', 1456136943, 1);

-- --------------------------------------------------------

--
-- Структура таблицы `clients_change`
--

CREATE TABLE IF NOT EXISTS `clients_change` (
  `id` int(11) NOT NULL AUTO_INCREMENT,
  `client_id` int(11) DEFAULT NULL,
  `name` varchar(120) DEFAULT NULL,
  `phone1` varchar(30) DEFAULT NULL,
  `phone2` varchar(30) DEFAULT NULL,
  `email` varchar(100) DEFAULT NULL,
  `area_id` int(11) DEFAULT NULL,
  `street_id` int(11) DEFAULT NULL,
  `address_house` varchar(120) DEFAULT NULL,
  `address_porch` varchar(120) DEFAULT NULL,
  `address_floor` varchar(120) DEFAULT NULL,
  `address_room` varchar(120) DEFAULT NULL,
  `date_created` int(11) DEFAULT NULL,
  `active` int(11) DEFAULT '1',
  PRIMARY KEY (`id`)
) ENGINE=MyISAM  DEFAULT CHARSET=utf8 AUTO_INCREMENT=51 ;

--
-- Дамп данных таблицы `clients_change`
--

INSERT INTO `clients_change` (`id`, `client_id`, `name`, `phone1`, `phone2`, `email`, `area_id`, `street_id`, `address_house`, `address_porch`, `address_floor`, `address_room`, `date_created`, `active`) VALUES
(1, 9, 'Каратэ пацан', '(044)122 21 12', '(092)121 12 12', 'adfafad@add.as', 2, 6, '10', '21', '21', '21', 1452587239, 1),
(2, 10, 'Ромка', '(044)121 21 21', '(022)121 12 12', '', 2, 6, '1', '1', '1', '1', 1452603367, 1),
(3, 11, 'Гога', '(044)122 11 21', '(012)121 21 21', '', 2, 6, '21', '21', '', '1', 1452603884, 1),
(4, 12, 'Каратэ пацан', '(044)122 21 12', '(092)121 12 12', 'adfafad@add.as', 2, 6, '10', '21', '21', '21', 1452587342, 1),
(5, 17, 'Петр', '(044)878 78 78', '(024)343 43 43', '', 2, 1, '2', '3', '32', '2', 1452874154, 1),
(6, 18, 'Тест от никотя', '(044)___ __ __', '(093)111 11 11', '', 0, 0, '', '', '', '', 1453113670, 1),
(7, 19, 'Росомах', '(044)121 21 21', '(012)121 21 21', '', 2, 6, '21', '2', '2', '2', 1452603845, 1),
(8, 20, 'Аедрей', '(044)112 12 12', '(012)121 21 21', '', 2, 6, '12', '2', '2', '2', 1452604045, 1),
(9, 21, 'тест', '(044)555 55 55', '(0__)___ __ __', '', 0, 0, '', '', '', '', 1453481470, 1),
(10, 22, 'Константин', '(044)___ __ __', '(063)565 93 34', '', 5, 18, '7б', '4', '6', '', 1453560916, 1),
(11, 23, 'Вася', '(044)121 21 21', '(012)121 21 21', '', 2, 6, '1212', '21', '21', '21', 1452604108, 1),
(12, 24, 'Петр', '(044)___ __ __', '(0__)___ __ __', '', 2, 6, '10', '21', '21', '21', 1452604067, 1),
(13, 25, 'Аедрей', '(044)112 12 12', '(012)121 21 21', '', 2, 6, '12', '2', '2', '2', 1453368749, 1),
(14, 26, 'Вася', '(044)121 21 21', '(012)121 21 21', '', 0, 0, '1212', '21', '21', '21', 1453562602, 1),
(15, 27, 'Александр', '(044)___ __ __', '(063)586 __ __', 'xlsun@ukr.net', 5, 18, '39', '1', '1', '2', 1453563508, 1),
(16, 28, 'Петя', '(044)233 23 23', '(023)323 22 33', '', 2, 6, '7', '7', '7', '', 1452603304, 1),
(17, 29, 'Росомах', '(044)121 21 21', '(012)121 21 21', '', 2, 6, '21', '2', '2', '2', 1453368473, 1),
(18, 30, 'РА', '(044)___ __ __', '(063)586 66 __', '', 5, 18, '39', '1', '1', '2', 1453568481, 1),
(19, 33, 'Женя', '(044)122 22 12', '(092)112 12 12', '', 2, 6, '10', '21', '2', '2', 1452845327, 1),
(20, 39, 'РА', '(044)___ __ __', '(063)586 66 __', '', 5, 18, '39', '1', '1', '2', 1453571342, 1),
(21, 40, 'Петр', '(044)___ __ __', '(0__)___ __ __', '', 0, 0, '10', '21', '21', '21', 1453562618, 1),
(22, 43, 'Женя', '(044)122 22 12', '(092)112 12 12', '', 0, 0, '10', '21', '2', '2', 1453575099, 1),
(23, 44, 'Заявка', '(044)212 12 21', '(093)232 32 32', '', 2, 6, '2', '21', '21', '21', 1452861513, 1),
(24, 45, 'Роман', '(044)233 23 23', '(091)221 22 11', '', 6, 24, '12', '2', '2', '2', 1453969116, 1),
(25, 50, 'Бред ', '(044)___ __ __', '(0__)___ __ __', '', 0, 0, '', '', '', '', 1454085568, 1),
(26, 51, 'Roman ', '(044)___ __ __', '(0__)___ __ __', 'verhuur@tanja.nl', 0, 0, '12', '2', '1', '1', 1453970769, 1),
(27, 52, 'Бред-2', '(044)___ __ __', '(0__)___ __ __', '', 5, 7, '18', '1', '1', '1', 1454085701, 1),
(28, 53, 'бред-3', '(044)___ __ __', '(0__)___ __ __', '', 0, 0, '', '', '', '', 1454085761, 1),
(29, 54, 'Росомаха', '(044)121 21 21', '(012)121 21 21', '', 2, 1, '12', '2', '2', '1', 1452603272, 1),
(30, 55, 'Коля', '(044)121 21 21', '(002)100 12 01', '', 2, 6, '10', '2', '3', '4', 1452845266, 1),
(31, 56, 'Тест от никотя', '(044)___ __ __', '(093)111 11 11', '', 0, 0, '', '', '', '', 1453113742, 1),
(32, 60, 'Dilan', '(044)121 21 21', '(012)121 21 21', '', 8, 36, '10', '2', '1', '2', 1453969269, 1),
(33, 61, 'Dilan', '(044)121 21 21', '(012)121 21 21', '', 8, 36, '10', '2', '1', '2', 1454768264, 1),
(34, 63, 'Воскресенье', '(044)___ __ __', '(063)586 3_ __', '', 5, 9, '1', '1', '1', 'ее', 1454868342, 1),
(35, 65, 'Воскресенье', '(044)___ __ __', '(063)586 3_ __', '', 5, 9, '1', '1', '1', 'ее', 1454870108, 1),
(36, 66, 'заявка-2', '(044)___ __ __', '(0__)___ __ __', '', 5, 9, '2', '2', '2', '2', 1454870233, 1),
(37, 67, 'заявка-2', '(044)___ __ __', '(0__)___ __ __', '', 5, 9, '2', '2', '2', '2', 1454871221, 1),
(38, 68, 'Тест ремонта', '(044)453 45 34', '(345)345 __ __', '', 5, 9, '3', '3', '3', '3', 1454870619, 1),
(39, 69, 'Дель Пьеро', '(044)211 21 21', '(092)112 12 12', '', 10, 41, '1', '10', '3', '4', 1454414051, 1),
(40, 70, 'Тест ремонта', '(044)453 45 34', '(345)345 __ __', '', 5, 9, '3', '3', '3', '3', 1454940235, 1),
(41, 71, 'Ремонт-1', '(044)___ __ __', '(0__)___ __ __', '', 6, 24, '1', '1', '1', '1', 1454940157, 1),
(42, 72, 'Тест ремонта', '(044)453 45 34', '(345)345 __ __', '', 5, 9, '3', '3', '3', '3', 1455059808, 1),
(43, 74, 'Дель Пьеро', '(044)211 21 21', '(092)112 12 12', '', 10, 41, '1', '10', '3', '4', 1455054271, 1),
(44, 75, 'Джон Уик', '(044)122 11 21', '(092)121 21 21', '', 9, 38, '10', '2', '', '3', 1454413966, 1),
(45, 77, 'Дель Пьеро', '(044)211 21 21', '(092)112 12 12', '', 10, 41, '1', '10', '3', '4', 1455060294, 1),
(46, 78, '1', '(044)___ __ __', '(0__)___ __ __', '', 5, 8, '1', '1', '1', '1', 1455200530, 1),
(47, 82, 'Джон Уик', '(044)122 11 21', '(092)121 21 21', '', 9, 38, '10', '2', '', '3', 1455060317, 1),
(48, 84, '2', '(044)___ __ __', '(0__)___ __ __', '', 6, 24, '2', '2', '2', '2', 1455279573, 1),
(49, 86, '2', '(044)___ __ __', '(0__)___ __ __', '', 6, 24, '2', '2', '2', '2', 1455279689, 1),
(50, 87, '2', '(044)___ __ __', '(0__)___ __ __', '', 6, 24, '2', '2', '2', '2', 1455059879, 1);

-- --------------------------------------------------------

--
-- Структура таблицы `damages`
--

CREATE TABLE IF NOT EXISTS `damages` (
  `id` int(11) NOT NULL AUTO_INCREMENT,
  `title` varchar(200) DEFAULT NULL,
  `active` int(11) DEFAULT '1',
  PRIMARY KEY (`id`)
) ENGINE=MyISAM  DEFAULT CHARSET=utf8 AUTO_INCREMENT=7 ;

--
-- Дамп данных таблицы `damages`
--

INSERT INTO `damages` (`id`, `title`, `active`) VALUES
(1, 'Сгорел модем', 1),
(2, 'Поврежден провод', 1),
(3, 'Тестовая поломка', 0),
(4, 'СКНП', 1),
(5, 'Потери', 1),
(6, 'Переобжать', 1);

-- --------------------------------------------------------

--
-- Структура таблицы `gds`
--

CREATE TABLE IF NOT EXISTS `gds` (
  `id` int(11) NOT NULL AUTO_INCREMENT,
  `title` varchar(80) DEFAULT NULL,
  `unit` varchar(8) DEFAULT NULL,
  `description` varchar(255) DEFAULT NULL,
  `price` float DEFAULT NULL,
  `active` tinyint(4) DEFAULT '1',
  PRIMARY KEY (`id`)
) ENGINE=MyISAM  DEFAULT CHARSET=utf8 AUTO_INCREMENT=13 ;

--
-- Дамп данных таблицы `gds`
--

INSERT INTO `gds` (`id`, `title`, `unit`, `description`, `price`, `active`) VALUES
(1, 'Кабель', 'м.', 'Кабель для проводки 3мм', 16, 1),
(2, 'Гвозди', 'уп.', 'гвозди 2см', 10, 1),
(3, 'Изолента', 'шт.', 'Изолента черная 100м', 10, 1),
(4, 'Пласкогупцы', 'шт.', '', 10, 1),
(5, 'Перфоратор', 'шт.', 'Перфоратор Желтый ', 5000, 1),
(6, 'Edge-core ES 3528M', 'шт.', 'Коммутатор Edge-core ES 3528M', 4400, 1),
(7, 'Edge-core ECS 3510 -28T', 'шт.', 'Коммутатор Edge-core ECS 3510 -28T', 4400, 1),
(8, 'SFP 1310 3km', 'шт.', '', 260, 1),
(9, 'SFP 1550 3km', 'шт.', '', 260, 1),
(10, 'Wi-Fi Роутер (300Мб)', 'шт.', 'TP-Link WR-841n(300Мб) ', 500, 1),
(11, 'MAG 254 ', 'шт.', 'IpTv приставка. \r\n ', 1700, 1),
(12, 'Ящики', 'ящ.', 'Ящики', 10, 1);

-- --------------------------------------------------------

--
-- Структура таблицы `gds_move`
--

CREATE TABLE IF NOT EXISTS `gds_move` (
  `id` int(11) NOT NULL AUTO_INCREMENT,
  `gds_id` int(11) NOT NULL,
  `user_from` int(11) DEFAULT NULL,
  `user_to` int(11) DEFAULT NULL,
  `user_id` int(11) NOT NULL,
  `move_type` int(11) NOT NULL,
  `count` float NOT NULL,
  `date_move` int(11) NOT NULL,
  `comment` varchar(200) DEFAULT NULL,
  PRIMARY KEY (`id`)
) ENGINE=MyISAM  DEFAULT CHARSET=utf8 AUTO_INCREMENT=79 ;

--
-- Дамп данных таблицы `gds_move`
--

INSERT INTO `gds_move` (`id`, `gds_id`, `user_from`, `user_to`, `user_id`, `move_type`, `count`, `date_move`, `comment`) VALUES
(1, 2, NULL, 1, 1, 1, 5, 1449829399, NULL),
(2, 2, 1, NULL, 1, 2, 1, 1449829340, 'Просто списал'),
(3, 1, 1, 2, 1, 3, 3, 1449829360, 'Просто перенес'),
(4, 1, 1, 2, 1, 3, 3, 1449829360, 'Просто перенес'),
(5, 1, 1, 2, 1, 3, 3, 1449829360, 'Просто перенес'),
(6, 1, 1, 2, 1, 3, 3, 1449829360, 'Просто перенес'),
(7, 1, 1, 2, 1, 3, 3, 1449829360, 'Просто перенес'),
(8, 1, NULL, 1, 1, 1, 2, 1449830585, NULL),
(9, 2, NULL, 1, 1, 1, 3, 1449830592, NULL),
(10, 1, 1, NULL, 1, 2, 3, 1449830601, 'Списал'),
(11, 2, NULL, 1, 1, 1, 2, 1449830863, NULL),
(12, 2, NULL, 1, 1, 1, 2, 1449830969, NULL),
(13, 2, NULL, 1, 1, 1, 23, 1449830975, NULL),
(14, 2, NULL, 1, 1, 1, 3, 1449830990, NULL),
(15, 2, NULL, 1, 1, 1, 3, 1449830996, NULL),
(16, 1, NULL, 1, 1, 1, 2, 1449831000, NULL),
(17, 2, NULL, 1, 1, 1, 3, 1449831114, NULL),
(18, 1, NULL, 1, 1, 1, 123, 1449831117, NULL),
(19, 2, 1, NULL, 1, 2, 1, 1449831121, '23'),
(20, 2, NULL, 1, 1, 1, 5, 1449831448, NULL),
(21, 2, NULL, 1, 1, 1, 4, 1449831453, NULL),
(22, 2, 1, NULL, 1, 2, 34, 1449831459, '34'),
(23, 2, NULL, 1, 1, 1, 4, 1449831464, NULL),
(24, 2, NULL, 1, 1, 1, 3, 1449834014, NULL),
(25, 2, NULL, 1, 1, 1, 3, 1449834018, NULL),
(26, 2, NULL, 1, 1, 1, 3, 1449834024, NULL),
(27, 2, NULL, 1, 1, 1, 3, 1449834060, NULL),
(28, 2, NULL, 2, 1, 1, 2, 1449834073, NULL),
(29, 2, NULL, 2, 1, 1, 2, 1449834076, NULL),
(30, 2, NULL, 2, 1, 1, 3, 1449834081, NULL),
(31, 2, NULL, 2, 1, 1, 4, 1449834105, NULL),
(32, 2, 2, NULL, 1, 2, 3, 1449834108, ''),
(33, 2, 2, NULL, 1, 2, 4, 1449834113, '3'),
(34, 2, 2, NULL, 1, 2, 2, 1449834125, '3'),
(35, 2, 2, NULL, 1, 2, 3, 1449834134, '2eww'),
(36, 2, 1, NULL, 1, 2, 34, 1449834187, ''),
(37, 1, 1, NULL, 1, 2, 3, 1449834195, '4'),
(38, 2, NULL, 1, 1, 1, 3, 1449834209, NULL),
(39, 2, NULL, 1, 1, 1, 3, 1449834342, NULL),
(40, 2, 1, NULL, 1, 2, 1.2, 1449834458, ''),
(41, 1, 1, NULL, 1, 2, 1.2, 1449834670, ''),
(42, 2, 2, 1, 1, 3, 1, 1449838385, ''),
(43, 2, 1, 2, 1, 3, 5, 1449838454, ''),
(44, 1, NULL, 1, 1, 1, 124, 1449838802, NULL),
(45, 2, NULL, 1, 1, 1, 3, 1449839488, NULL),
(46, 2, NULL, 1, 1, 1, 2, 1449839492, NULL),
(47, 2, NULL, 1, 1, 1, 23, 1449839497, NULL),
(48, 1, 1, NULL, 1, 2, 200.8, 1449839504, ''),
(49, 2, 1, NULL, 1, 2, 33.8, 1449839519, ''),
(50, 2, NULL, 1, 1, 1, 123, 1449844176, NULL),
(51, 1, NULL, 1, 1, 1, 2, 1449844182, NULL),
(52, 3, NULL, 1, 1, 1, 10, 1449845372, NULL),
(53, 2, NULL, 6, 1, 1, 10, 1450101979, NULL),
(54, 3, NULL, 6, 1, 1, 12, 1450101986, NULL),
(55, 1, NULL, 6, 1, 1, 12, 1450101991, NULL),
(56, 2, 6, NULL, 1, 2, 8, 1450101996, 'списал'),
(57, 2, 6, 8, 1, 3, 1, 1450102017, ''),
(58, 2, NULL, 8, 1, 1, 10, 1450102053, NULL),
(59, 1, NULL, 6, 1, 1, 23, 1450168946, NULL),
(60, 2, 6, NULL, 1, 2, 1, 1450168951, '23'),
(61, 1, 6, NULL, 1, 2, 1, 1450168964, '1212'),
(62, 1, NULL, 6, 1, 1, 10, 1452782513, NULL),
(63, 1, 6, NULL, 1, 2, 20, 1452782530, ''),
(64, 1, 1, 10, 1, 3, 27, 1452847694, ''),
(65, 1, NULL, 6, 1, 1, 100, 1452865702, NULL),
(66, 1, 6, NULL, 1, 2, 84, 1452865718, ''),
(67, 1, 6, 14, 1, 3, 10, 1452876290, ''),
(68, 1, 6, NULL, 1, 2, 10, 1452876348, 'списал'),
(69, 5, NULL, 20, 18, 1, 1, 1453737613, NULL),
(70, 6, NULL, 2, 18, 1, 10, 1453824619, NULL),
(71, 7, NULL, 2, 18, 1, 5, 1453824646, NULL),
(72, 6, 2, 18, 21, 3, 1, 1453825050, ''),
(73, 7, 2, 20, 18, 3, 1, 1454004001, ''),
(74, 5, 20, 2, 18, 3, 1, 1454008113, ''),
(75, 6, 2, 22, 18, 3, 1, 1454093860, ''),
(76, 12, NULL, 10, 1, 1, 2, 1454412911, NULL),
(77, 6, NULL, 2, 15, 1, 2, 1454692721, NULL),
(78, 5, NULL, 2, 15, 1, 2, 1454692730, NULL);

-- --------------------------------------------------------

--
-- Структура таблицы `gds_move_type`
--

CREATE TABLE IF NOT EXISTS `gds_move_type` (
  `id` int(11) NOT NULL AUTO_INCREMENT,
  `title` varchar(60) DEFAULT NULL,
  PRIMARY KEY (`id`)
) ENGINE=MyISAM  DEFAULT CHARSET=utf8 AUTO_INCREMENT=4 ;

--
-- Дамп данных таблицы `gds_move_type`
--

INSERT INTO `gds_move_type` (`id`, `title`) VALUES
(1, 'Приход'),
(2, 'Перемещение'),
(3, 'Списание');

-- --------------------------------------------------------

--
-- Структура таблицы `gds_stock`
--

CREATE TABLE IF NOT EXISTS `gds_stock` (
  `id` int(11) NOT NULL AUTO_INCREMENT,
  `user_id` int(11) DEFAULT NULL,
  `gds_id` int(11) DEFAULT NULL,
  `count` float DEFAULT NULL,
  PRIMARY KEY (`id`)
) ENGINE=MyISAM  DEFAULT CHARSET=utf8 AUTO_INCREMENT=20 ;

--
-- Дамп данных таблицы `gds_stock`
--

INSERT INTO `gds_stock` (`id`, `user_id`, `gds_id`, `count`) VALUES
(1, 1, 1, 100),
(2, 2, 2, 7),
(3, 1, 2, 123),
(4, 2, 1, 6),
(5, 1, 3, 10),
(6, 6, 2, 0),
(7, 6, 3, 12),
(8, 6, 1, 20),
(9, 8, 2, 11),
(10, 10, 1, 27),
(11, 14, 1, 10),
(12, 20, 5, 0),
(13, 2, 6, 10),
(14, 2, 7, 4),
(15, 18, 6, 1),
(16, 20, 7, 1),
(17, 2, 5, 3),
(18, 22, 6, 1),
(19, 10, 12, 2);

-- --------------------------------------------------------

--
-- Структура таблицы `gds_unit`
--

CREATE TABLE IF NOT EXISTS `gds_unit` (
  `id` int(11) NOT NULL AUTO_INCREMENT,
  `short` varchar(8) DEFAULT NULL,
  `title` varchar(40) DEFAULT NULL,
  PRIMARY KEY (`id`)
) ENGINE=MyISAM  DEFAULT CHARSET=utf8 AUTO_INCREMENT=8 ;

--
-- Дамп данных таблицы `gds_unit`
--

INSERT INTO `gds_unit` (`id`, `short`, `title`) VALUES
(1, 'шт.', 'Штуки'),
(2, 'уп.', 'Упаковки'),
(3, 'кг.', 'Килограмы'),
(4, 'гр.', 'Грамы'),
(5, 'м.', 'Метры'),
(6, 'л.', 'Литры'),
(7, 'ящ.', 'Ящики');

-- --------------------------------------------------------

--
-- Структура таблицы `groups`
--

CREATE TABLE IF NOT EXISTS `groups` (
  `id` int(11) NOT NULL AUTO_INCREMENT,
  `title` varchar(200) DEFAULT NULL,
  `active` int(11) DEFAULT '1',
  `type_id` int(11) DEFAULT NULL,
  `color` varchar(20) DEFAULT NULL,
  PRIMARY KEY (`id`)
) ENGINE=MyISAM  DEFAULT CHARSET=utf8 AUTO_INCREMENT=16 ;

--
-- Дамп данных таблицы `groups`
--

INSERT INTO `groups` (`id`, `title`, `active`, `type_id`, `color`) VALUES
(3, 'Коркашвили (Группа 1)', 1, 1, '#009be0'),
(4, 'Нечаенко Женя(Группа 2)', 1, 1, '#bc2222'),
(5, '(Сепар)Группа 1', 1, 2, '#002154'),
(6, 'Тариф бонусный 56', 0, 1, NULL),
(7, 'Группа 1', 1, 3, '#4326b5'),
(8, 'Уровень-1', 1, 4, '#17bc31'),
(9, 'Группа 3', 1, 1, '#2facd3'),
(10, 'Группа 4', 1, 1, '#23db6d'),
(11, 'Группа 5', 0, 1, NULL),
(12, 'Подключки', 1, 1, '#d19726'),
(13, 'Валик(Группа2)', 1, 2, '#2df503'),
(14, 'Коркашвили Денис(Ремонты)', 1, 2, '#009be0'),
(15, 'test_admin', 1, 4, '#170606');

-- --------------------------------------------------------

--
-- Структура таблицы `group_consist`
--

CREATE TABLE IF NOT EXISTS `group_consist` (
  `id` int(11) NOT NULL AUTO_INCREMENT,
  `user_id` int(11) DEFAULT NULL,
  `group_id` int(11) DEFAULT NULL,
  `date` int(11) DEFAULT NULL,
  `active` int(11) DEFAULT NULL,
  PRIMARY KEY (`id`)
) ENGINE=MyISAM  DEFAULT CHARSET=utf8 AUTO_INCREMENT=350 ;

--
-- Дамп данных таблицы `group_consist`
--

INSERT INTO `group_consist` (`id`, `user_id`, `group_id`, `date`, `active`) VALUES
(349, 22, 13, 1454424260, 1),
(348, 20, 14, 1454424260, 1),
(347, 20, 5, 1454424260, 1),
(346, 20, 4, 1454424260, 1),
(345, 20, 3, 1454424260, 1),
(344, 17, 5, 1454424260, 1),
(343, 17, 4, 1454424260, 1),
(342, 17, 3, 1454424260, 1),
(341, 11, 10, 1454424260, 1),
(340, 11, 9, 1454424260, 1),
(339, 10, 5, 1454424260, 1),
(338, 10, 4, 1454424260, 1),
(337, 8, 4, 1454424260, 1),
(336, 7, 7, 1454424260, 1);

-- --------------------------------------------------------

--
-- Структура таблицы `group_types`
--

CREATE TABLE IF NOT EXISTS `group_types` (
  `id` int(11) NOT NULL AUTO_INCREMENT,
  `title` varchar(200) DEFAULT NULL,
  `another` varchar(50) DEFAULT NULL,
  `base` varchar(40) DEFAULT NULL,
  PRIMARY KEY (`id`)
) ENGINE=MyISAM  DEFAULT CHARSET=utf8 AUTO_INCREMENT=5 ;

--
-- Дамп данных таблицы `group_types`
--

INSERT INTO `group_types` (`id`, `title`, `another`, `base`) VALUES
(1, 'Connect', 'Подключение', 'Подключений'),
(2, 'Ремонты', 'Ремонт', 'Ремонтов'),
(3, 'Другие', 'Другое', 'Других задач'),
(4, 'Админ задачи', 'АдминЗадачу', 'Админ задач');

-- --------------------------------------------------------

--
-- Структура таблицы `menu`
--

CREATE TABLE IF NOT EXISTS `menu` (
  `id` int(11) NOT NULL AUTO_INCREMENT,
  `parent_id` int(11) DEFAULT '0',
  `url` varchar(200) DEFAULT '0',
  `title` varchar(200) DEFAULT NULL,
  `color` varchar(200) DEFAULT NULL,
  PRIMARY KEY (`id`)
) ENGINE=MyISAM  DEFAULT CHARSET=utf8 AUTO_INCREMENT=47 ;

--
-- Дамп данных таблицы `menu`
--

INSERT INTO `menu` (`id`, `parent_id`, `url`, `title`, `color`) VALUES
(1, 0, '0', 'Бюджет и ЗП', 'orange'),
(2, 1, 'budget', 'Бюджет', NULL),
(3, 1, 'budget/create', 'Добавить +-', NULL),
(4, 0, '0', 'Склад', 'yellow'),
(5, 4, 'storage', 'Наличие', ''),
(6, 1, 'budget/wage', 'Ставки', NULL),
(7, 1, 'budget/sheet', 'Ведомость', NULL),
(8, 1, 'budget/user_fines', 'Штрафы и Премии', ''),
(9, 1, 'budget/on_work', 'На работе', NULL),
(10, 4, 'storage/goods', 'Наличие', NULL),
(11, 0, '0', 'Отчеты', 'aqua'),
(12, 11, 'report/storage', 'Инвентарь', ''),
(13, 11, 'report/budget', 'Бюджет', ''),
(14, 11, 'report/repair', 'Заявки', ''),
(15, 0, '0', 'Подключения', 'blue'),
(16, 15, 'operator/repair_create/1', 'Принять', NULL),
(17, 15, 'operator/base/1', 'База', ''),
(18, 15, 'operator/calendar/1', 'Календарь', ''),
(19, 0, '0', 'Ремонт', 'light-blue'),
(20, 19, 'operator/repair_create/2', 'Принять', ''),
(21, 19, 'operator/base/2', 'База', NULL),
(22, 19, 'operator/calendar/2', 'Календарь', NULL),
(23, 0, '0', 'Строительство', 'green'),
(24, 23, 'operator/repair_create/3', 'Принять', NULL),
(25, 23, 'operator/base/3', 'База', NULL),
(26, 23, 'operator/calendar/3', 'Календарь', NULL),
(27, 0, 'mounter/day', 'Список тз', 'teal'),
(28, 0, '0', 'Общее', 'olive'),
(29, 28, 'social/message_create', 'Создать сообщение', NULL),
(30, 28, 'social/in_message', 'Входящие', NULL),
(31, 28, 'social/out_message', 'Исходящие', NULL),
(32, 28, 'social/file', 'Файлы', NULL),
(33, 28, 'social/phonebook', 'Телефонная книга', NULL),
(34, 0, '0', 'Администрирование', 'purple'),
(35, 34, 'option/group_consist', 'Назначить монтажника', NULL),
(36, 34, 'user/show', 'Пользователи', NULL),
(37, 34, 'option/rates', 'Акции', NULL),
(38, 34, 'option/areas', 'Районы', NULL),
(39, 34, 'option/streets', 'Улицы', NULL),
(40, 34, 'option/damages', 'Поломки', NULL),
(41, 34, 'option/groups', 'Группы', NULL),
(42, 34, 'option/bid_status', 'Статусы', NULL),
(43, 34, 'option/budget_types', 'Статьи', NULL),
(44, 34, 'option/actions', 'Тарифы', NULL),
(46, 11, 'report/worktime', 'Отчеты работников', NULL);

-- --------------------------------------------------------

--
-- Структура таблицы `menu_user`
--

CREATE TABLE IF NOT EXISTS `menu_user` (
  `id` int(11) NOT NULL AUTO_INCREMENT,
  `user_id` int(11) NOT NULL,
  `menu_id` int(11) NOT NULL,
  PRIMARY KEY (`id`)
) ENGINE=MyISAM  DEFAULT CHARSET=utf8 AUTO_INCREMENT=188 ;

--
-- Дамп данных таблицы `menu_user`
--

INSERT INTO `menu_user` (`id`, `user_id`, `menu_id`) VALUES
(138, 17, 28),
(137, 17, 27),
(186, 1, 44),
(185, 1, 43),
(184, 1, 42),
(183, 1, 41),
(182, 1, 40),
(181, 1, 39),
(180, 1, 38),
(179, 1, 37),
(178, 1, 36),
(177, 1, 35),
(176, 1, 34),
(175, 1, 33),
(174, 1, 32),
(173, 1, 31),
(172, 1, 30),
(171, 1, 29),
(170, 1, 28),
(169, 1, 26),
(168, 1, 25),
(167, 1, 24),
(166, 1, 23),
(165, 1, 22),
(164, 1, 21),
(163, 1, 20),
(162, 1, 19),
(161, 1, 18),
(160, 1, 17),
(159, 1, 16),
(158, 1, 15),
(157, 1, 14),
(156, 1, 13),
(155, 1, 12),
(154, 1, 11),
(153, 1, 10),
(152, 1, 9),
(151, 1, 8),
(150, 1, 7),
(149, 1, 6),
(148, 1, 5),
(147, 1, 4),
(146, 1, 3),
(145, 1, 2),
(144, 1, 1),
(139, 17, 29),
(140, 17, 30),
(141, 17, 31),
(142, 17, 32),
(143, 17, 33),
(187, 1, 46);

-- --------------------------------------------------------

--
-- Структура таблицы `message`
--

CREATE TABLE IF NOT EXISTS `message` (
  `id` int(11) NOT NULL AUTO_INCREMENT,
  `subject` varchar(200) DEFAULT NULL,
  `text` text,
  `read` int(11) DEFAULT '0',
  `file` varchar(200) DEFAULT NULL,
  `sender_id` int(11) NOT NULL,
  `recipient_id` int(11) NOT NULL,
  `date` int(11) NOT NULL,
  `dialog` int(11) DEFAULT '0',
  PRIMARY KEY (`id`)
) ENGINE=MyISAM  DEFAULT CHARSET=utf8 AUTO_INCREMENT=8 ;

--
-- Дамп данных таблицы `message`
--

INSERT INTO `message` (`id`, `subject`, `text`, `read`, `file`, `sender_id`, `recipient_id`, `date`, `dialog`) VALUES
(1, 'Привет', '<p>Привет админ</p>', 1, '', 17, 1, 1456133989, 1),
(2, 'Привет', '<p>Привет монтажник</p>', 1, '', 1, 17, 1456134269, 1),
(3, 'Привет', '<p>Как дела?</p>', 1, '', 17, 1, 1456134297, 1),
(4, 'Привет', '<p>Супер</p>', 1, '', 1, 17, 1456134325, 1),
(5, 'Привет', '<p>Норм диалог</p>', 1, '', 17, 1, 1456135724, 1),
(6, 'Привет', '<p>Закажи такой как в вк, если можно</p>', 1, '', 17, 1, 1456135874, 1),
(7, 'Привет', '<p>Бабла нет!!!</p>', 0, '', 1, 17, 1456135992, 1);

-- --------------------------------------------------------

--
-- Структура таблицы `message_files`
--

CREATE TABLE IF NOT EXISTS `message_files` (
  `id` int(11) NOT NULL AUTO_INCREMENT,
  `subject` varchar(200) DEFAULT NULL,
  `file` varchar(200) DEFAULT NULL,
  `date` int(11) DEFAULT NULL,
  `sender_id` int(11) DEFAULT NULL,
  PRIMARY KEY (`id`)
) ENGINE=MyISAM  DEFAULT CHARSET=utf8 AUTO_INCREMENT=4 ;

--
-- Дамп данных таблицы `message_files`
--

INSERT INTO `message_files` (`id`, `subject`, `file`, `date`, `sender_id`) VALUES
(1, 'qwwqqw', 'SunNet_TZ2.xlsx', 1450426725, 1),
(2, 'Фотка Лиды', 'Лидия_портрет.jpg', 1452782833, 1),
(3, 'файл+', 'post-25165-0-74446200-13945217551.jpg', 1454240069, 20);

-- --------------------------------------------------------

--
-- Структура таблицы `phonebook`
--

CREATE TABLE IF NOT EXISTS `phonebook` (
  `id` int(11) NOT NULL AUTO_INCREMENT,
  `title` varchar(255) DEFAULT NULL,
  `phone1` varchar(255) DEFAULT NULL,
  `phone2` varchar(255) DEFAULT NULL,
  `comment` varchar(255) DEFAULT NULL,
  `active` int(11) DEFAULT '1',
  `department` varchar(80) DEFAULT NULL,
  PRIMARY KEY (`id`)
) ENGINE=MyISAM  DEFAULT CHARSET=utf8 AUTO_INCREMENT=13 ;

--
-- Дамп данных таблицы `phonebook`
--

INSERT INTO `phonebook` (`id`, `title`, `phone1`, `phone2`, `comment`, `active`, `department`) VALUES
(1, 'Ромка', '344334', '77778', 'мой номер', 0, NULL),
(2, 'тест', '3233', '3434', 'weewew', 0, NULL),
(3, 'Грицун Александр ', '(063)586 61 35', '(093)122 __ __', '', 1, 'продаж'),
(4, '3432', '34', '34', '3434', 0, NULL),
(5, 'grhg', 'dsfgs', 'sdgd', '', 0, NULL),
(6, 'dtdt', 'dfgdrf', 'dfhgdfh', '', 1, NULL),
(7, 'Талишев Дима', '(063)111 11 11', '', '', 0, 'Оператор'),
(8, '343', '(444)___ __ __', '', '', 1, ''),
(9, 'вавава', '(444)4__ __ __', '', '', 1, ''),
(10, 'иапа', '(444)4__ __ __', '', '', 1, ''),
(11, 'dscd', '(324)24_ __ __', '', '', 1, ''),
(12, 'Вася пупкин', '(000)000 00 00', '(000)000 00 00', '2121', 1, 'продаж');

-- --------------------------------------------------------

--
-- Структура таблицы `rates`
--

CREATE TABLE IF NOT EXISTS `rates` (
  `id` int(11) NOT NULL AUTO_INCREMENT,
  `title` varchar(200) DEFAULT NULL,
  `active` int(11) DEFAULT '1',
  PRIMARY KEY (`id`)
) ENGINE=MyISAM  DEFAULT CHARSET=utf8 AUTO_INCREMENT=7 ;

--
-- Дамп данных таблицы `rates`
--

INSERT INTO `rates` (`id`, `title`, `active`) VALUES
(1, 'Тариф бонусный 2', 0),
(2, 'Тариф Волшебный', 0),
(3, 'Тариф Тестовый', 0),
(4, 'M 40+TV', 1),
(5, 'PRO 100+TV	', 1),
(6, 'Гигабит+TV', 1);

-- --------------------------------------------------------

--
-- Структура таблицы `repairs`
--

CREATE TABLE IF NOT EXISTS `repairs` (
  `id` int(11) NOT NULL AUTO_INCREMENT,
  `client_id` int(11) DEFAULT NULL,
  `operator_id` int(11) DEFAULT NULL,
  `date_created` int(11) DEFAULT NULL,
  `date_repair` int(11) DEFAULT NULL,
  `date_phone` varchar(11) DEFAULT NULL,
  `rate_id` int(11) DEFAULT NULL,
  `action1_id` int(11) DEFAULT NULL,
  `action2_id` int(11) DEFAULT NULL,
  `cable` int(11) DEFAULT NULL,
  `comment` varchar(255) DEFAULT NULL,
  `active` int(11) DEFAULT '1',
  `type` int(11) DEFAULT NULL,
  `urgency` tinyint(4) DEFAULT '0',
  `damage_id` int(11) DEFAULT NULL,
  `sms` tinyint(4) DEFAULT '0',
  `status_id` int(11) DEFAULT '1',
  PRIMARY KEY (`id`)
) ENGINE=MyISAM  DEFAULT CHARSET=utf8 AUTO_INCREMENT=73 ;

--
-- Дамп данных таблицы `repairs`
--

INSERT INTO `repairs` (`id`, `client_id`, `operator_id`, `date_created`, `date_repair`, `date_phone`, `rate_id`, `action1_id`, `action2_id`, `cable`, `comment`, `active`, `type`, `urgency`, `damage_id`, `sms`, `status_id`) VALUES
(1, 1, 13, 1451311340, 1451426400, '12:21', NULL, NULL, NULL, NULL, 'Филипп ', 1, 2, 0, 1, 0, 2),
(2, 2, 13, 1451311413, 1451426400, '12:21', NULL, NULL, NULL, NULL, '', 1, 2, 1, 1, 0, 2),
(3, 3, 13, 1451311478, 1451512800, '10:2_', NULL, NULL, NULL, NULL, 'Новогодний ремонт', 1, 2, 1, 1, 0, 1),
(4, 4, 13, 1451462249, 1451426400, '', NULL, NULL, NULL, NULL, '', 1, 2, 0, 2, 0, 1),
(5, 5, 10, 1451462326, 1451426400, '12:22', 2, 1, 2, 2, 'ddfd', 1, 1, 1, NULL, 0, 2),
(6, 6, 10, 1451462397, 1451426400, '12:12', 2, 1, 2, 2, 'Назнач', 1, 1, 0, NULL, 0, 2),
(7, 7, 12, 1452604634, 1452722400, '23:23', 2, 0, 0, 1, 'Ремонт', 1, 1, 1, NULL, 1, 2),
(8, 8, 18, 1454238656, 1454191200, '12:21', 4, 0, 0, 1, '', 1, 1, 0, NULL, 0, 2),
(9, 9, 19, 1453566633, 1452808800, '', 4, 0, 0, 1, '', 1, 1, 0, NULL, 0, 2),
(10, 10, 12, 1452603337, 1452808800, '12:12', NULL, NULL, NULL, NULL, '', 1, 2, 1, 1, 1, 2),
(11, 11, 12, 1452604008, 1451426400, '12:12', NULL, NULL, NULL, NULL, '', 1, 3, 0, NULL, 0, 1),
(12, 12, 19, 1453566722, 1453327200, '', 4, 0, 0, 1, '', 1, 1, 0, NULL, 0, 2),
(13, 13, 12, 1452604421, 1454104800, '12:21', NULL, NULL, NULL, NULL, '', 1, 3, 0, NULL, 0, 1),
(14, 14, 19, 1453562639, 1453500000, '12:12', NULL, NULL, NULL, NULL, '', 1, 2, 0, 1, 0, 2),
(15, 15, 20, 1453739106, 1453672800, '12:12', NULL, NULL, NULL, NULL, 'Комент при закрытт ', 1, 2, 0, 1, 0, 5),
(16, 16, 20, 1453562665, 1453500000, '21:12', NULL, NULL, NULL, NULL, 'Снят со счета.  -  40 грн.', 1, 2, 0, 1, 0, 5),
(17, 17, 12, 1452604202, 1453932000, '', NULL, NULL, NULL, NULL, '', 1, 4, 0, NULL, 1, 1),
(18, 18, 12, 1452604249, 1454104800, '', NULL, NULL, NULL, NULL, '', 1, 4, 0, NULL, 1, 1),
(19, 19, 12, 1452604336, 1454104800, '12:12', NULL, NULL, NULL, NULL, '', 1, 3, 0, NULL, 0, 1),
(20, 20, 10, 1452783118, 1452808800, '12:22', 1, 1, 0, 1, '', 1, 1, 1, NULL, 0, 2),
(21, 21, 18, 1454238659, 1454191200, '12:21', 4, 0, 0, 2, '', 1, 1, 0, NULL, 0, 2),
(22, 22, 18, 1454002621, 1453932000, '22:11', 4, 0, 0, 1, '', 1, 1, 0, NULL, 0, 2),
(23, 23, 12, 1452845364, 1452895200, '', NULL, NULL, NULL, NULL, '', 1, 2, 1, 2, 0, 2),
(24, 24, 20, 1454002626, 1453932000, '12:12', 4, 0, 0, 1, '', 1, 1, 0, NULL, 0, 2),
(25, 25, 12, 1452874205, 1452808800, '19:00', 2, 1, 0, 1, 'Комент 212212', 1, 1, 1, NULL, 1, 2),
(26, 26, 18, 1454238662, 1454191200, '45:45', 4, 0, 0, 1, '', 1, 1, 0, NULL, 0, 2),
(27, 27, 16, 1453481562, 1453500000, '', NULL, NULL, NULL, NULL, '', 1, 3, 0, NULL, 0, 2),
(28, 28, 19, 1453561984, 1453500000, '10:00', 4, 0, 0, 1, '2016-01-23; с 10-10:30 быть у него\r\n+роутер= 900грн.', 1, 1, 0, NULL, 0, 2),
(29, 29, 19, 1453561037, 1453500000, '10:00', 4, 0, 0, 1, '2016-01-23; 15-16:00', 1, 1, 0, NULL, 0, 2),
(30, 30, 20, 1453561181, 1453500000, '10:00', 4, 0, 0, 1, '', 1, 1, 0, NULL, 0, 2),
(33, 33, 20, 1453656626, 1453586400, '20:00', 4, 0, 0, 1, '', 1, 1, 1, NULL, 0, 2),
(31, 31, 20, 1453565874, 1453586400, '18:00', 4, 0, 7, 1, '', 1, 1, 1, NULL, 1, 2),
(32, 32, 20, 1453739100, 1453672800, '20:00', NULL, NULL, NULL, NULL, 'Комент при закрытии ', 1, 2, 0, 4, 0, 5),
(34, 34, 20, 1453656695, 1453586400, '', 4, 0, 0, 1, '', 1, 1, 0, NULL, 0, 2),
(35, 35, 20, 1453656737, 1453586400, '', 4, 0, 0, 1, '', 1, 1, 1, NULL, 0, 2),
(36, 36, 19, 1453818766, 1453759200, '', NULL, NULL, NULL, NULL, 'Починить микрик, СРОЧНО! ', 1, 3, 0, NULL, 0, 1),
(37, 37, 18, 1454002629, 1453932000, '12:21', 4, 0, 0, 1, '', 1, 1, 0, NULL, 0, 2),
(38, 38, 20, 1453969148, 1453932000, '', 4, 0, 0, 1, '', 1, 1, 0, NULL, 0, 2),
(39, 39, 20, 1453969189, 1453932000, '', 4, 0, 0, 1, 'Готово,  можно закрывать', 1, 1, 0, NULL, 0, 2),
(40, 40, 16, 1453969236, 1454018400, '', 4, 0, 0, 1, '', 1, 1, 1, NULL, 0, 2),
(41, 41, 15, 1454768295, 1453932000, '', NULL, NULL, NULL, NULL, '', 1, 2, 0, 4, 0, 7),
(42, 42, 19, 1454085614, 0, '12:12', 6, 4, 0, 1, '', 1, 1, 0, NULL, 0, 1),
(43, 43, 19, 1454085604, 0, '', 4, 0, 0, 1, '', 1, 1, 0, NULL, 0, 1),
(44, 44, 19, 1454085710, 0, '', 4, 0, 0, 1, 'Бред-2', 1, 1, 0, NULL, 0, 1),
(45, 45, 20, 1454238652, 1454191200, '', 4, 0, 0, 1, 'все окей', 1, 1, 0, NULL, 0, 2),
(46, 46, 18, 1455201736, 1454364000, '12:21', 4, 0, 0, 1, 'Комент', 1, 1, 0, NULL, 0, 7),
(47, 47, 18, 1455200048, 1455055200, '23:50', 4, 0, 0, 1, '', 1, 1, 0, NULL, 0, 1),
(48, 48, 1, 1454488083, 1456783200, '', 4, 0, 0, 1, '', 1, 1, 1, NULL, 0, 2),
(49, 49, 18, 1454871211, 1454796000, '20:30', 4, 0, 0, 1, '', 1, 1, 1, NULL, 0, 2),
(50, 50, 18, 1454871248, 1454796000, '', 4, 0, 0, 1, '', 1, 1, 0, NULL, 0, 5),
(51, 51, 18, 1455059834, 1455055200, '', NULL, NULL, NULL, NULL, '', 1, 2, 0, 5, 0, 1),
(52, 52, 21, 1454938840, 1454882400, '', 4, 0, 0, 1, 'Тест-1', 1, 1, 0, NULL, 0, 8),
(53, 53, 21, 1454938881, 1454882400, '', 4, 0, 0, 1, 'Тест-2', 1, 1, 0, NULL, 0, 8),
(54, 54, 21, 1454938911, 1454882400, '', 4, 0, 0, 1, 'Тест-3', 1, 1, 0, NULL, 0, 8),
(55, 55, 18, 1455059810, 1455055200, '17:00', NULL, NULL, NULL, NULL, '1', 1, 2, 1, 1, 0, 2),
(56, 56, 18, 1455057279, 1455055200, '', NULL, NULL, NULL, NULL, '1', 1, 3, 1, NULL, 0, 1),
(57, 57, 18, 1455287889, 1455228000, '', NULL, NULL, NULL, NULL, 'Все хорошо. ', 1, 2, 0, 1, 0, 1),
(58, 58, 18, 1455060350, 1455055200, '', 4, 0, 0, 1, '3', 1, 1, 0, NULL, 0, 8),
(59, 59, 18, 1455060373, 1455055200, '', 4, 0, 0, 1, '4', 1, 1, 0, NULL, 0, 8),
(60, 60, 18, 1455060393, 1455055200, '', 4, 0, 0, 1, '5', 1, 1, 1, NULL, 0, 8),
(61, 61, 20, 1455200861, 1455141600, '', 4, 0, 0, 1, '', 1, 1, 0, NULL, 0, 8),
(62, 62, 20, 1455200548, 1455141600, '', 4, 0, 0, 1, '', 1, 1, 0, NULL, 0, 8),
(63, 63, 17, 1455200573, 1455141600, '', 4, 0, 0, 1, '', 1, 1, 0, NULL, 0, 1),
(64, 64, 18, 1455202191, 1455141600, '', NULL, NULL, NULL, NULL, '', 1, 2, 0, 4, 0, 1),
(65, 65, 17, 1455279547, 1455228000, '', 4, 0, 0, 1, '', 1, 1, 1, NULL, 0, 2),
(66, 66, 20, 1455281338, 1455228000, '', 4, 4, 0, 1, '', 1, 1, 0, NULL, 0, 2),
(67, 67, 18, 1455366540, 1455314400, '', 4, 0, 0, 1, '1', 1, 1, 0, NULL, 0, 1),
(68, 68, 18, 1455366576, 1455400800, '', NULL, NULL, NULL, NULL, '1', 1, 2, 0, 1, 0, 1),
(69, 69, 17, 1455882834, 1455832800, '', 5, 4, 8, 1, '', 1, 1, 0, NULL, 0, 6),
(70, 70, 1, 1455883380, 1455832800, '', 4, 4, 5, 1, '', 1, 1, 0, NULL, 0, 8),
(71, 71, 1, 1456136809, 1456178400, '', NULL, NULL, NULL, NULL, ' Тест', 1, 2, 1, 4, 0, 1),
(72, 72, 1, 1456136943, 1456178400, '', NULL, NULL, NULL, NULL, 'Поврежден провод! Тест 2', 1, 2, 0, 2, 0, 1);

-- --------------------------------------------------------

--
-- Структура таблицы `repairs_change`
--

CREATE TABLE IF NOT EXISTS `repairs_change` (
  `id` int(11) NOT NULL AUTO_INCREMENT,
  `repair_id` int(11) DEFAULT NULL,
  `client_id` int(11) DEFAULT NULL,
  `operator_id` int(11) DEFAULT NULL,
  `date_created` int(11) DEFAULT NULL,
  `date_repair` int(11) DEFAULT NULL,
  `date_phone` varchar(11) DEFAULT NULL,
  `rate_id` int(11) DEFAULT NULL,
  `action1_id` int(11) DEFAULT NULL,
  `action2_id` int(11) DEFAULT NULL,
  `cable` int(11) DEFAULT NULL,
  `comment` varchar(255) DEFAULT NULL,
  `active` int(11) DEFAULT '1',
  `type` int(11) DEFAULT NULL,
  `urgency` tinyint(4) DEFAULT '0',
  `damage_id` int(11) DEFAULT NULL,
  `sms` tinyint(4) DEFAULT '0',
  `status_id` int(11) DEFAULT '1',
  PRIMARY KEY (`id`)
) ENGINE=MyISAM  DEFAULT CHARSET=utf8 AUTO_INCREMENT=93 ;

--
-- Дамп данных таблицы `repairs_change`
--

INSERT INTO `repairs_change` (`id`, `repair_id`, `client_id`, `operator_id`, `date_created`, `date_repair`, `date_phone`, `rate_id`, `action1_id`, `action2_id`, `cable`, `comment`, `active`, `type`, `urgency`, `damage_id`, `sms`, `status_id`) VALUES
(1, 5, 5, 13, 1451462326, 1451426400, '12:22', 2, 1, 2, 2, 'пам пам', 1, 1, 1, NULL, 0, 2),
(2, 5, 5, 10, 1451462326, 1451426400, '12:22', 2, 1, 2, 2, 'gav gav', 1, 1, 1, NULL, 0, 2),
(3, 5, 5, 10, 1451462326, 1451426400, '12:22', 2, 1, 2, 2, 'gggg', 1, 1, 1, NULL, 0, 2),
(4, 6, 6, 13, 1451462397, 1451426400, '12:12', 2, 1, 2, 2, '', 1, 1, 0, NULL, 0, 2),
(5, 6, 6, 10, 1451462397, 1451426400, '12:12', 2, 1, 2, 2, 'Сделал давно', 1, 1, 0, NULL, 0, NULL),
(6, 6, 6, 10, 1451462397, 1451426400, '12:12', 2, 1, 2, 2, 'Процес пошел', 1, 1, 0, NULL, 0, 4),
(7, 6, 6, 10, 1451462397, 1451426400, '12:12', 2, 1, 2, 2, 'Назначили', 1, 1, 0, NULL, 0, 2),
(8, 6, 6, 10, 1451462397, 1451426400, '12:12', 2, 1, 2, 2, '122112', 1, 1, 0, NULL, 0, 4),
(9, 7, 7, 12, 1452587239, 1452636000, '23:23', 2, 0, 0, 1, 'Ремонт', 1, 1, 1, NULL, 0, 1),
(10, 11, 11, 12, 1452603367, 1452895200, '12:12', NULL, NULL, NULL, NULL, '', 1, 3, 0, NULL, 0, 1),
(11, 13, 13, 12, 1452603884, 1453932000, '12:21', NULL, NULL, NULL, NULL, '', 1, 3, 0, NULL, 0, 1),
(12, 7, 7, 12, 1452587342, 1452636000, '23:23', 2, 0, 0, 1, 'Ремонт', 1, 1, 1, NULL, 1, 2),
(13, 20, 20, 12, 1452783118, 1452808800, '12:22', 1, 1, 0, 1, '', 1, 1, 1, NULL, 0, 2),
(14, 20, 20, 10, 1452783118, 1452808800, '12:22', 1, 1, 0, 1, '', 1, 1, 1, NULL, 0, 4),
(15, 20, 20, 10, 1452783118, 1452808800, '12:22', 1, 1, 0, 1, 'Выполняем', 1, 1, 1, NULL, 0, 4),
(16, 20, 20, 10, 1452783118, 1452808800, '12:22', 1, 1, 0, 1, '', 1, 1, 1, NULL, 0, 1),
(17, 25, 25, 12, 1452874154, 1452808800, '19:00', 2, 1, 0, 1, 'Комент', 1, 1, 1, NULL, 1, 1),
(18, 26, 26, 16, 1453113670, 1453932000, '45:45', 1, 0, 0, 1, '', 1, 1, 0, NULL, 0, 1),
(19, 12, 12, 12, 1452603845, 1454104800, '', 1, 0, 0, 1, '', 1, 1, 0, NULL, 0, 1),
(20, 14, 14, 12, 1452604045, 1454104800, '12:12', NULL, NULL, NULL, NULL, '', 1, 2, 0, 1, 0, 1),
(21, 27, 27, 16, 1453481470, 1453500000, '', NULL, NULL, NULL, NULL, '', 1, 3, 0, NULL, 0, 2),
(22, 28, 28, 19, 1453560916, 1453500000, '10:00', 4, 0, 0, 1, '2016-01-23; с 10-10:30 быть у него\r\n+роутер= 900грн.', 1, 1, 0, NULL, 0, 1),
(23, 16, 16, 12, 1452604108, 1454104800, '21:12', NULL, NULL, NULL, NULL, 'ком', 1, 2, 0, 1, 0, 1),
(24, 15, 15, 12, 1452604067, 1454104800, '12:12', NULL, NULL, NULL, NULL, '', 1, 2, 0, 1, 0, 1),
(25, 14, 14, 16, 1453368749, 1453327200, '12:12', NULL, NULL, NULL, NULL, '', 1, 2, 0, 1, 0, 2),
(26, 16, 16, 19, 1453562602, 1454104800, '21:12', NULL, NULL, NULL, NULL, 'ком', 1, 2, 0, 1, 0, 1),
(27, 31, 31, 19, 1453563508, 1453500000, '18:00', 4, 0, 7, 1, 'Срочно подключить наш офис.', 1, 1, 1, NULL, 1, 1),
(28, 9, 9, 12, 1452603304, 1452808800, '', 2, 0, 0, 1, '', 1, 1, 0, NULL, 0, 2),
(29, 12, 12, 16, 1453368473, 1453327200, '', 1, 0, 0, 1, '', 1, 1, 0, NULL, 0, 2),
(30, 32, 32, 19, 1453568481, 1453500000, '20:00', NULL, NULL, NULL, NULL, 'СРОЧНО !. ', 1, 2, 0, 4, 0, 2),
(31, 16, 16, 19, 1453562665, 1453500000, '21:12', NULL, NULL, NULL, NULL, 'ком', 1, 2, 0, 1, 0, 2),
(32, 30, 30, 19, 1453561181, 1453500000, '10:00', 4, 0, 0, 1, '2016-01-23; + перепрошить роутер Киевстар, если Tp Link', 1, 1, 0, NULL, 0, 2),
(33, 22, 22, 12, 1452845327, 1452895200, '22:11', 1, 0, 0, 1, '', 1, 1, 0, NULL, 0, 1),
(34, 31, 31, 19, 1453565874, 1453586400, '18:00', 4, 0, 7, 1, 'Срочно подключить наш офис.', 1, 1, 1, NULL, 1, 2),
(35, 33, 33, 19, 1453656626, 1453586400, '20:00', 4, 0, 0, 1, 'Дрим таун', 1, 1, 1, NULL, 0, 2),
(36, 34, 34, 19, 1453656695, 1453586400, '', 4, 0, 0, 1, 'Тест - куся', 1, 1, 0, NULL, 0, 2),
(37, 35, 35, 19, 1453656737, 1453586400, '', 4, 0, 0, 1, 'тест-3', 1, 1, 1, NULL, 0, 2),
(38, 31, 31, 20, 1453565874, 1453586400, '18:00', 4, 0, 7, 1, '', 1, 1, 1, NULL, 1, 8),
(39, 32, 32, 19, 1453571342, 1453586400, '20:00', NULL, NULL, NULL, NULL, 'СРОЧНО !. ', 1, 2, 0, 4, 0, 1),
(40, 15, 15, 19, 1453562618, 1453500000, '12:12', NULL, NULL, NULL, NULL, '', 1, 2, 0, 1, 0, 1),
(41, 15, 15, 19, 1453739106, 1453672800, '12:12', NULL, NULL, NULL, NULL, '', 1, 2, 0, 1, 0, 2),
(42, 32, 32, 19, 1453739100, 1453672800, '20:00', NULL, NULL, NULL, NULL, 'СРОЧНО !. ', 1, 2, 0, 4, 0, 2),
(43, 22, 22, 19, 1453575099, 1453500000, '22:11', 4, 0, 0, 1, '', 1, 1, 0, NULL, 0, 1),
(44, 24, 24, 12, 1452861513, 1452981600, '12:12', 1, 0, 0, 1, '', 1, 1, 0, NULL, 0, 1),
(45, 37, 37, 16, 1453969116, 1453932000, '12:21', 4, 0, 0, 1, '', 1, 1, 0, NULL, 0, 1),
(46, 39, 39, 16, 1453969189, 1453932000, '', 4, 0, 0, 1, '', 1, 1, 0, NULL, 0, 2),
(47, 39, 39, 20, 1453969189, 1453932000, '', 4, 0, 0, 1, '', 1, 1, 0, NULL, 0, 8),
(48, 38, 38, 16, 1453969148, 1453932000, '', 4, 0, 0, 1, '', 1, 1, 0, NULL, 0, 2),
(49, 24, 24, 18, 1454002626, 1453932000, '12:12', 4, 0, 0, 1, '', 1, 1, 0, NULL, 0, 2),
(50, 43, 43, 19, 1454085568, 1454018400, '', 4, 0, 0, 1, '', 1, 1, 0, NULL, 0, 1),
(51, 42, 42, 1, 1453970769, 1454018400, '12:12', 6, 4, 0, 1, '', 1, 1, 0, NULL, 0, 1),
(52, 44, 44, 19, 1454085701, 1454018400, '', 4, 0, 0, 1, 'Бред-2', 1, 1, 0, NULL, 0, 1),
(53, 45, 45, 19, 1454085761, 1454018400, '', 4, 0, 0, 1, 'бред-3', 1, 1, 0, NULL, 0, 1),
(54, 8, 8, 12, 1452603272, 1452722400, '12:21', 1, 0, 0, 1, '', 1, 1, 0, NULL, 0, 2),
(55, 21, 21, 12, 1452845266, 1452895200, '12:21', 2, 1, 2, 2, '', 1, 1, 0, NULL, 0, 2),
(56, 26, 26, 16, 1453113742, 1453154400, '45:45', 1, 0, 0, 1, '', 1, 1, 0, NULL, 0, 2),
(57, 45, 45, 18, 1454238652, 1454191200, '', 4, 0, 0, 1, 'бред-3', 1, 1, 0, NULL, 0, 2),
(58, 45, 45, 20, 1454238652, 1454191200, '', 4, 0, 0, 1, 'все окей.', 1, 1, 0, NULL, 0, 5),
(59, 47, 47, 1, 1454414051, 1454364000, '12:21', 4, 0, 0, 1, 'На вечер', 1, 1, 0, NULL, 0, 8),
(60, 41, 41, 16, 1453969269, 1453932000, '', NULL, NULL, NULL, NULL, '', 1, 2, 0, 4, 0, 2),
(61, 41, 41, 15, 1454768264, 1453932000, '', NULL, NULL, NULL, NULL, '', 1, 2, 0, 4, 0, 1),
(62, 49, 49, 21, 1454868342, 1454796000, '20:30', 4, 0, 0, 1, '', 1, 1, 0, NULL, 0, 2),
(63, 49, 49, 20, 1454868342, 1454796000, '20:30', 4, 0, 0, 1, '', 1, 1, 0, NULL, 0, 6),
(64, 49, 49, 21, 1454870108, 1454796000, '20:30', 4, 0, 0, 1, '', 1, 1, 1, NULL, 0, 8),
(65, 49, 49, 20, 1454870108, 1454796000, '20:30', 4, 0, 0, 1, '', 1, 1, 1, NULL, 0, 7),
(66, 50, 50, 21, 1454870233, 1454796000, '', 4, 0, 0, 1, '', 1, 1, 0, NULL, 0, 8),
(67, 50, 50, 18, 1454871221, 1454796000, '', 4, 0, 0, 1, '', 1, 1, 0, NULL, 0, 2),
(68, 51, 51, 21, 1454870619, 1454882400, '', NULL, NULL, NULL, NULL, '', 1, 2, 0, 4, 0, 2),
(69, 47, 47, 17, 1454414051, 1454364000, '12:21', 4, 0, 0, 1, '', 1, 1, 0, NULL, 0, 8),
(70, 51, 51, 21, 1454940235, 1454882400, '', NULL, NULL, NULL, NULL, '', 1, 2, 0, 5, 0, 2),
(71, 55, 55, 21, 1454940157, 1454882400, '17:00', NULL, NULL, NULL, NULL, '1', 1, 2, 1, 1, 0, 2),
(72, 51, 51, 18, 1455059808, 1455055200, '', NULL, NULL, NULL, NULL, '', 1, 2, 0, 5, 0, 2),
(73, 57, 57, 18, 1455059879, 1455055200, '', NULL, NULL, NULL, NULL, '2', 1, 2, 0, 1, 0, 2),
(74, 47, 47, 18, 1455054271, 1454968800, '23:50', 4, 0, 0, 1, '', 1, 1, 0, NULL, 0, 8),
(75, 46, 46, 1, 1454413966, 1454364000, '12:21', 4, 0, 0, 1, 'Комент', 1, 1, 0, NULL, 0, 8),
(76, 57, 57, 22, 1455059879, 1455055200, '', NULL, NULL, NULL, NULL, 'На 2о мин', 1, 2, 0, 1, 0, 8),
(77, 47, 47, 18, 1455060294, 1455055200, '23:50', 4, 0, 0, 1, '', 1, 1, 0, NULL, 0, 1),
(78, 61, 61, 18, 1455200530, 1455141600, '', 4, 0, 0, 1, '1', 1, 1, 1, NULL, 0, 8),
(79, 63, 63, 18, 1455200573, 1455141600, '', 4, 0, 0, 1, '3', 1, 1, 0, NULL, 0, 8),
(80, 61, 61, 18, 1455200861, 1455141600, '', 4, 0, 0, 1, '1', 1, 1, 0, NULL, 0, 8),
(81, 62, 62, 18, 1455200548, 1455141600, '', 4, 0, 0, 1, '2', 1, 1, 0, NULL, 0, 8),
(82, 46, 46, 18, 1455060317, 1454364000, '12:21', 4, 0, 0, 1, 'Комент', 1, 1, 0, NULL, 0, 2),
(83, 63, 63, 20, 1455200573, 1455141600, '', 4, 0, 0, 1, '', 1, 1, 0, NULL, 0, 8),
(84, 66, 66, 1, 1455279573, 1455228000, '', 4, 4, 0, 1, '', 1, 1, 1, NULL, 0, 8),
(85, 66, 66, 1, 1455279689, 1455228000, '', 4, 4, 0, 1, '', 1, 1, 0, NULL, 0, 8),
(86, 66, 66, 17, 1455279689, 1455228000, '', 4, 4, 0, 1, '', 1, 1, 0, NULL, 0, 8),
(87, 57, 57, 22, 1455059879, 1455055200, '', NULL, NULL, NULL, NULL, 'Все хорошо. ', 1, 2, 0, 1, 0, 8),
(88, 66, 66, 1, 1455281338, 1455228000, '', 4, 4, 0, 1, '', 1, 1, 0, NULL, 0, 1),
(89, 66, 66, 17, 1455281338, 1455228000, '', 4, 4, 0, 1, '', 1, 1, 0, NULL, 0, 8),
(90, 65, 65, 1, 1455279547, 1455228000, '', 4, 0, 0, 1, '', 1, 1, 1, NULL, 0, 8),
(91, 66, 66, 17, 1455281338, 1455228000, '', 4, 4, 0, 1, '', 1, 1, 0, NULL, 0, 8),
(92, 69, 69, 1, 1455882834, 1455832800, '', 5, 4, 8, 1, '', 1, 1, 0, NULL, 0, 2);

-- --------------------------------------------------------

--
-- Структура таблицы `repair_work`
--

CREATE TABLE IF NOT EXISTS `repair_work` (
  `id` int(11) NOT NULL AUTO_INCREMENT,
  `repair_id` int(11) DEFAULT NULL,
  `start` int(11) DEFAULT NULL,
  `end` int(11) DEFAULT NULL,
  `group_id` int(11) DEFAULT NULL,
  `created` int(11) DEFAULT NULL,
  `operator_id` int(11) DEFAULT NULL,
  `comment` varchar(255) DEFAULT NULL,
  PRIMARY KEY (`id`)
) ENGINE=MyISAM  DEFAULT CHARSET=utf8 AUTO_INCREMENT=73 ;

--
-- Дамп данных таблицы `repair_work`
--

INSERT INTO `repair_work` (`id`, `repair_id`, `start`, `end`, `group_id`, `created`, `operator_id`, `comment`) VALUES
(1, 1, 1451478600, 1451489400, 5, 1452526033, 13, NULL),
(2, 2, 1451462400, 1451473200, 5, 1452526033, 13, NULL),
(3, 3, NULL, NULL, NULL, 1451372812, 12, NULL),
(4, 4, NULL, NULL, NULL, 1452526033, 13, NULL),
(5, 5, 1451464200, 1451476800, 4, 1454415807, 1, NULL),
(6, 6, 1451478600, 1451491200, 4, 1454415807, 1, NULL),
(7, 7, 1452681000, 1452695400, 4, 1454415807, 1, NULL),
(8, 8, 1452760200, 1452763800, 10, 1454415807, 1, NULL),
(9, 9, 1452852000, 1452864600, 4, 1454415807, 1, NULL),
(10, 10, 1452875400, 1452891600, 5, 1452845934, 12, NULL),
(11, 11, NULL, NULL, NULL, 1452603367, 12, NULL),
(12, 12, 1453383000, 1453399200, 3, 1454415807, 1, NULL),
(13, 13, NULL, NULL, NULL, 1452603884, 12, NULL),
(14, 14, 1453386600, 1453390200, 5, 1453368757, 16, NULL),
(15, 15, 1453744800, 1453748400, 14, 1453743193, 19, NULL),
(16, 16, 1453572000, 1453575600, 5, 1453571394, 19, NULL),
(17, 17, NULL, NULL, NULL, 1452604202, 12, NULL),
(18, 18, NULL, NULL, NULL, 1452604249, 12, NULL),
(19, 19, NULL, NULL, NULL, 1452604336, 12, NULL),
(20, 20, 1452843000, 1452850200, 4, 1454415807, 1, NULL),
(21, 21, 1452929400, 1452945600, 4, 1454415807, 1, NULL),
(22, 22, 1454007600, 1454011200, 3, 1454415807, 1, NULL),
(23, 23, 1452934800, 1452947400, 5, 1452845942, 12, NULL),
(24, 24, 1454004000, 1454007600, 3, 1454415807, 1, NULL),
(25, 25, 1452868200, 1452879000, 4, 1454415807, 1, NULL),
(26, 26, 1453201200, 1453206600, 3, 1454415807, 1, NULL),
(27, 27, 1453541400, 1453545000, 7, 1453481535, 16, NULL),
(28, 28, 1453568400, 1453572000, 4, 1454415807, 1, NULL),
(29, 29, 1453575600, 1453579200, 4, 1454415807, 1, NULL),
(30, 30, 1453568400, 1453572000, 3, 1454415807, 1, NULL),
(31, 31, 1453622400, 1453633200, 3, 1454415807, 1, NULL),
(32, 32, 1453752000, 1453755600, 14, 1453743225, 19, NULL),
(33, 33, 1453658400, 1453662000, 3, 1454415807, 1, NULL),
(34, 34, 1453662000, 1453665600, 3, 1454415807, 1, NULL),
(35, 35, 1453667400, 1453671000, 3, 1454415807, 1, NULL),
(36, 36, NULL, NULL, NULL, 1453818766, 19, NULL),
(37, 37, 1454011200, 1454014800, 3, 1454415807, 1, NULL),
(38, 38, 1453982400, 1453993200, 3, 1454415807, 1, NULL),
(39, 39, 1453971600, 1453975200, 3, 1454415807, 1, NULL),
(40, 40, 1454056200, 1454059800, 3, 1454415807, 1, NULL),
(41, 41, 1453973400, 1453977000, 5, 1453969306, 16, NULL),
(42, 42, NULL, NULL, NULL, 1454415807, 1, NULL),
(43, 43, NULL, NULL, NULL, 1454415807, 1, NULL),
(44, 44, NULL, NULL, NULL, 1454415807, 1, NULL),
(45, 45, 1454223600, 1454232600, 3, 1454416253, 1, NULL),
(46, 46, 1454403600, 1454412600, 3, 1454416594, 1, NULL),
(47, 47, 1454398200, 1454403600, 3, 1454416594, 1, NULL),
(48, 48, 1456849800, 1456864200, 3, 1454488135, 1, NULL),
(49, 49, 1454871600, 1454877000, 3, 1454871233, 18, NULL),
(50, 50, 1454877000, 1454882400, 3, 1454871233, 18, NULL),
(51, 51, 1454947200, 1454950800, 5, 1454940199, 21, NULL),
(52, 52, 1454940000, 1454945400, 3, 1454939140, 21, NULL),
(53, 53, 1454945400, 1454950800, 3, 1454939140, 21, NULL),
(54, 54, 1454950800, 1454954400, 3, 1454939140, 21, NULL),
(55, 55, 1454958000, 1454961600, 5, 1454940199, 21, NULL),
(56, 56, NULL, NULL, NULL, 1455057279, 18, NULL),
(57, 57, 1455111000, 1455114600, 13, 1455060097, 18, NULL),
(58, 58, 1455109200, 1455112800, 3, 1455060415, 18, NULL),
(59, 59, 1455114600, 1455120000, 3, 1455060415, 18, NULL),
(60, 60, 1455102000, 1455107400, 3, 1455060415, 18, NULL),
(61, 61, 1455210000, 1455213600, 3, 1455200612, 18, NULL),
(62, 62, 1455215400, 1455220800, 3, 1455200612, 18, NULL),
(63, 63, 1455202800, 1455206400, 3, 1455200612, 18, NULL),
(64, 64, NULL, NULL, NULL, 1455202191, 18, NULL),
(65, 65, 1455282000, 1455300000, 3, 1455882720, 1, NULL),
(66, 66, 1455258600, 1455282000, 3, 1455882720, 1, NULL),
(67, 67, NULL, NULL, NULL, 1455882720, 1, NULL),
(68, 68, NULL, NULL, NULL, 1455366576, 18, NULL),
(69, 69, 1455865200, 1455879600, 3, 1455883404, 1, NULL),
(70, 70, 1455879600, 1455892200, 3, 1455883404, 1, NULL),
(71, 71, NULL, NULL, NULL, 1456136809, 1, NULL),
(72, 72, NULL, NULL, NULL, 1456136943, 1, NULL);

-- --------------------------------------------------------

--
-- Структура таблицы `streets`
--

CREATE TABLE IF NOT EXISTS `streets` (
  `id` int(11) NOT NULL AUTO_INCREMENT,
  `title` varchar(200) DEFAULT NULL,
  `area_id` int(11) DEFAULT NULL,
  `active` int(11) DEFAULT '1',
  PRIMARY KEY (`id`)
) ENGINE=MyISAM  DEFAULT CHARSET=utf8 AUTO_INCREMENT=57 ;

--
-- Дамп данных таблицы `streets`
--

INSERT INTO `streets` (`id`, `title`, `area_id`, `active`) VALUES
(1, 'Яросава Вал', 2, 0),
(2, 'Шулявская', 1, 0),
(3, 'Тестовый 3', 3, 0),
(4, 'Улица 1', 1, 0),
(5, 'Улмца 2', 1, 0),
(6, 'Олеся', 2, 0),
(7, 'Богатырская', 5, 1),
(8, 'Вербовая', 5, 1),
(9, 'Героев Днепра', 5, 1),
(10, 'Героев Сталинграда', 5, 1),
(11, 'Дружбы народов', 5, 1),
(12, 'Зои Гайдай', 5, 1),
(13, 'Лайоша Гавро', 5, 1),
(14, 'Маршала Малиновского', 5, 1),
(15, 'Маршала Тимошенко', 5, 1),
(16, 'Мате Залки', 5, 1),
(17, 'Московский просп.', 5, 1),
(18, 'Оболонский просп.', 5, 1),
(19, 'Озерная', 5, 1),
(20, 'пер. Джерельна', 5, 1),
(21, 'Приозерная', 5, 1),
(22, 'Электриков', 5, 1),
(23, 'Бережанская', 6, 1),
(24, 'Дегтяренко', 6, 1),
(25, 'Кондратюка', 6, 1),
(26, 'Коноплянская', 6, 1),
(27, 'Лесная Поляна', 6, 1),
(28, 'Майорова', 6, 1),
(29, 'Маринецкая', 6, 1),
(30, 'Минское Шоссе', 6, 1),
(31, 'Петра Панча', 6, 1),
(32, 'Полярная', 6, 1),
(33, 'Рокоссовского', 6, 1),
(34, 'Шахтерская', 6, 1),
(35, 'Хутор Редька', 7, 1),
(36, 'Демеевская', 8, 1),
(37, 'Андрющенка', 9, 1),
(38, 'Мельникова', 9, 1),
(39, '8 марта', 10, 1),
(40, 'Днепроводская', 10, 1),
(41, 'ул. Джерельна', 10, 1),
(42, 'Автозаводская', 11, 1),
(43, 'Агрегатная', 11, 1),
(44, 'Вышгородская', 11, 1),
(45, 'Дубровицкая', 11, 1),
(46, 'Ивашкевича Ярослава', 11, 1),
(47, 'Казанская', 11, 1),
(48, 'Макеевская', 11, 1),
(49, 'Мукачевская', 11, 1),
(50, 'Навашина Академика', 11, 1),
(51, 'пер. Попова', 11, 1),
(52, 'Попова Александра', 11, 1),
(53, 'Сокальськая', 11, 1),
(54, 'Сошенка', 11, 1),
(55, 'Богдановская', 12, 1),
(56, 'Петрицкого', 13, 1);

-- --------------------------------------------------------

--
-- Структура таблицы `users`
--

CREATE TABLE IF NOT EXISTS `users` (
  `id` int(11) NOT NULL AUTO_INCREMENT,
  `login` varchar(80) DEFAULT NULL,
  `password` varchar(255) DEFAULT NULL,
  `name` varchar(120) DEFAULT NULL,
  `date_registrated` int(11) DEFAULT NULL,
  `active` tinyint(4) DEFAULT NULL,
  `role` int(11) DEFAULT NULL,
  `phone` varchar(30) DEFAULT NULL,
  `photo` varchar(220) DEFAULT NULL,
  `passport` varchar(200) DEFAULT NULL,
  `wage_hour` float DEFAULT '0',
  `wage_koef` float DEFAULT '0',
  PRIMARY KEY (`id`)
) ENGINE=MyISAM  DEFAULT CHARSET=utf8 AUTO_INCREMENT=26 ;

--
-- Дамп данных таблицы `users`
--

INSERT INTO `users` (`id`, `login`, `password`, `name`, `date_registrated`, `active`, `role`, `phone`, `photo`, `passport`, `wage_hour`, `wage_koef`) VALUES
(1, 'owner', 'wVH2xcHS26dGffIUmhn44Trz0G6DWxcRVQJTXCKxiRQ=', 'Администратор', NULL, 1, 1, '9379992', NULL, NULL, 10, 10),
(2, NULL, NULL, 'Склад', NULL, 1, 5, NULL, NULL, NULL, NULL, NULL),
(7, 'val', 'vEaZgAtb3REb0rieCn9iVYN0lOGGRjPBcG/HL/7QomY=', 'Валентин', 1450089043, 0, 4, '0932333232', 'jared-leto-jared-leto-34348245-466-6003.jpg', NULL, 2, 2),
(6, 'roman', 'wVH2xcHS26dGffIUmhn44Trz0G6DWxcRVQJTXCKxiRQ=', 'Роман', 1452584298, 1, 2, '09393939393', '', 'photo5.jpg', 10, 43),
(8, '', 'NSNpdIcrxIGM7nja4kbP5N3WYoglPJw6DZVi+OTSp1Q=', 'Колян', 1450171774, 1, 4, '', 'photo.jpg', '', 12, 2.1),
(9, '', 'NSNpdIcrxIGM7nja4kbP5N3WYoglPJw6DZVi+OTSp1Q=', 'Борька', 1450171789, 1, 4, '', 'photo1.jpg', '', 25, 32),
(10, 'vas', 'wVH2xcHS26dGffIUmhn44Trz0G6DWxcRVQJTXCKxiRQ=', 'Вася', 1451314909, 0, 4, '', 'head1.jpg', 'ro1.jpg', 10, 0),
(11, '', 'NSNpdIcrxIGM7nja4kbP5N3WYoglPJw6DZVi+OTSp1Q=', 'Петр', 1450251925, 0, 4, '', NULL, NULL, 0, 100),
(19, 'dima', 'avVDpAgJfkx1bNA29jS5DVH05uTKQrdT8VWkKcR0Lzo=', 'Талишев Дима', 1453557263, 1, 3, '', NULL, NULL, 30, 0),
(12, 'lida', 'wVH2xcHS26dGffIUmhn44Trz0G6DWxcRVQJTXCKxiRQ=', 'Лида ', 1450433465, 0, 3, '9379992', 'velezheva_32.jpg', 'Лидия_портрет.jpg', 0, 0),
(13, 'ann', 'wVH2xcHS26dGffIUmhn44Trz0G6DWxcRVQJTXCKxiRQ=', 'Анька', 1452587825, 0, 3, '1221121221', 'velezheva_321.jpg', 'Лидия_портрет1.jpg', 0, 0),
(14, 'sunnet', 'wVH2xcHS26dGffIUmhn44Trz0G6DWxcRVQJTXCKxiRQ=', 'sunnet', 1453394764, 1, 1, '', '', 'jared-leto-jared-leto-34348245-466-6001.jpg', 50, 0),
(15, 'Nikotja', 'KLR1slrIUbPj8igDumj7sR0G/gqM4bUJDo0jh2TU9pg=', 'Коля', 1452876611, 1, 1, '', NULL, NULL, 0, 0),
(16, 'testtest', 'ENbz/xxlLSWdVbAt+Izhct8/Ut2gOHqrj5OEf+Dnw8M=', 'testtest', 1454692767, 1, 2, '', '', '', 65, 5),
(17, 'mont1', 'viaCla5d/vtPM865IukFNf3F/cBPN7+7Ig8QFkMTf4M=', 'mont', 1453368507, 1, 4, '', NULL, NULL, 30, 10),
(18, 'sunnet', 'UjqKGEv0jczqONkoITy9PdW5CG8G4FJYi+IvDTMEBFM=', 'Кусь ', 1453392038, 1, 1, '0635866135', NULL, NULL, 0, 0),
(20, 'denis', '7aC6LZzxMM2fwBnUAmPb3oZvf/pCdC4g0Tfv8iE9Euc=', 'Каркашвили Денис ', 1453557318, 1, 4, '', NULL, NULL, 30, 0),
(21, 'gryz', 'xsEJB/Uo1ZvQCjuk2RiwDPvkTAXkAIC7pyWt0nCb/ag=', 'Грицун Сергей ', 1453557428, 1, 2, '', NULL, NULL, 40, 0),
(22, 'valik', 'UYgpyP0/Mylj7i3U0r5GPLGXsa9a8BjI/6yDD6l38P8=', 'Сухов Валентин', 1453568760, 1, 4, '', NULL, NULL, 30, 0),
(23, '', 'NSNpdIcrxIGM7nja4kbP5N3WYoglPJw6DZVi+OTSp1Q=', 'Сейф( в офисе) ', 1453827052, 1, 5, '', NULL, NULL, 0, 0),
(24, 'm1', '6IUBb024FXzbCNl9kSsmEYtR30uK4MXTNslzxd+VYGY=', 'Пользователя', 1453967451, 1, 4, '', NULL, NULL, 0, 0),
(25, '', 'NSNpdIcrxIGM7nja4kbP5N3WYoglPJw6DZVi+OTSp1Q=', 'Резервный Фонд', 1453972024, 1, 5, '', NULL, NULL, 0, 0);

-- --------------------------------------------------------

--
-- Структура таблицы `user_fines`
--

CREATE TABLE IF NOT EXISTS `user_fines` (
  `id` int(11) NOT NULL AUTO_INCREMENT,
  `sum` float(8,2) DEFAULT NULL,
  `user_id` int(11) DEFAULT NULL,
  `comment` varchar(200) DEFAULT NULL,
  `type` int(11) DEFAULT '1',
  `user_adm_id` int(11) DEFAULT NULL,
  `active` int(11) DEFAULT '1',
  `date` int(11) DEFAULT NULL,
  PRIMARY KEY (`id`)
) ENGINE=MyISAM  DEFAULT CHARSET=utf8 AUTO_INCREMENT=15 ;

--
-- Дамп данных таблицы `user_fines`
--

INSERT INTO `user_fines` (`id`, `sum`, `user_id`, `comment`, `type`, `user_adm_id`, `active`, `date`) VALUES
(1, 12.00, 1, '0', 1, NULL, 0, NULL),
(2, 20.00, 6, 'дурак', 2, NULL, 0, NULL),
(3, 10.00, 8, 'поломал', 2, NULL, 0, NULL),
(4, 122.00, 9, 'asas asas', 1, 1, 1, 1450355923),
(5, 100.00, 10, 'Хорошо поработал', 1, 1, 1, 1452503061),
(6, 150.00, 10, 'Сэкономил инвентарь', 1, 1, 1, 1452503092),
(7, 50.00, 10, 'не вышел на работу', 2, 1, 1, 1452503118),
(8, 400.00, 10, 'Штраф!!!!', 2, 1, 1, 1452503205),
(9, 100.00, 13, 'За приход', 1, 1, 1, 1452587761),
(10, 10.00, 13, '1', 2, 1, 0, 1452782484),
(11, 70.00, 10, 'Штраф за 11', 2, 1, 1, 1452875970),
(12, 100.00, 12, 'Просто так', 1, 1, 1, 1453106135),
(13, 50.00, 20, 'Опоздал на работу ', 2, 21, 0, 1453574487),
(14, 20.00, 20, 'Опоздал на работу ', 2, 21, 1, 1453574671);

-- --------------------------------------------------------

--
-- Структура таблицы `user_roles`
--

CREATE TABLE IF NOT EXISTS `user_roles` (
  `id` int(11) NOT NULL AUTO_INCREMENT,
  `title` varchar(80) NOT NULL,
  `slug` varchar(25) DEFAULT NULL,
  PRIMARY KEY (`id`)
) ENGINE=MyISAM  DEFAULT CHARSET=utf8 AUTO_INCREMENT=6 ;

--
-- Дамп данных таблицы `user_roles`
--

INSERT INTO `user_roles` (`id`, `title`, `slug`) VALUES
(1, 'Владелец', 'owner'),
(2, 'Администратор', 'admin'),
(3, 'Оператор', 'operator'),
(4, 'Монтажник', 'mounter'),
(5, 'Точчка', '0');

-- --------------------------------------------------------

--
-- Структура таблицы `worktime`
--

CREATE TABLE IF NOT EXISTS `worktime` (
  `id` int(11) NOT NULL AUTO_INCREMENT,
  `user_id` int(11) DEFAULT NULL,
  `start` int(11) DEFAULT NULL,
  `end` int(11) DEFAULT NULL,
  `koef_start` float DEFAULT NULL,
  `koef_end` float DEFAULT NULL,
  `wage_hour` float DEFAULT NULL,
  `wage_koef` float DEFAULT NULL,
  `comment` varchar(255) DEFAULT NULL,
  PRIMARY KEY (`id`)
) ENGINE=MyISAM  DEFAULT CHARSET=utf8 AUTO_INCREMENT=70 ;

--
-- Дамп данных таблицы `worktime`
--

INSERT INTO `worktime` (`id`, `user_id`, `start`, `end`, `koef_start`, `koef_end`, `wage_hour`, `wage_koef`, `comment`) VALUES
(10, 10, 1452499964, 1452499968, 10, 20, 0, 3, NULL),
(9, 10, 1452497820, 1452497827, 10, 400, 14, 3, NULL),
(3, 10, 1451381186, 1451381193, 12, 187, 10, 3, NULL),
(4, 10, 1451381255, 1451381269, 4, 7, 10, 3, NULL),
(5, 10, 1451382753, 1451382776, 10, 12, 10, 3, NULL),
(6, 10, 1451382783, 1451382787, 3, 1, 10, 3, NULL),
(7, 10, 1451383094, 1451891450, 12, 10, 10, 3, NULL),
(8, 10, 1451891456, 1451917286, 10, 30, 10, 3, NULL),
(11, 10, 1452524128, 1452525965, 10, 50, 0, 3, NULL),
(12, 12, 1452586984, 1452586992, 4, 20, 0, 0, NULL),
(13, 12, 1452587004, 1452587008, 10, 20, 0, 0, NULL),
(14, 12, 1452587016, 1452587019, 5, 8, 0, 0, NULL),
(15, 12, 1452587024, 1452587028, 5, 3, 0, 0, NULL),
(16, 12, 1452588445, 1452588453, 10, 20, 0, 0, NULL),
(17, 13, 1452588468, 1452588473, 10, 40, 0, 0, NULL),
(18, 12, 1452689643, 1452689709, 1000, 90, 0, 0, NULL),
(19, 12, 1452689880, 1452747480, 0, 0, 0, 0, NULL),
(20, 12, 1452698462, 1452756062, 100, 100, 0, 0, NULL),
(21, 12, 1452698533, 1452756133, 30, 30, 0, 0, NULL),
(22, 10, 1452777368, 1452834968, 50, 50, 0, 3, NULL),
(23, 12, 1452783030, 1452783038, 10, 20, 0, 0, NULL),
(24, 10, 1452847829, 1452874432, 20, 90, 10, 20, NULL),
(25, 16, 1453114471, 1453114479, 1, 1, 0, 0, NULL),
(26, 16, 1453114490, 1453114520, 2, 4585, 0, 0, NULL),
(27, 16, 1453114560, 1453114565, 44, 44, 0, 0, NULL),
(28, 16, 1453119670, 1453177270, 1111, 1111, 0, 0, NULL),
(29, 17, 1453368625, 1453391971, 0, 10, 0, 0, NULL),
(30, 19, 1453559588, 1453561816, 0, 100, 30, 0, NULL),
(31, 19, 1453562121, 1453562971, 0, 11, 30, 0, NULL),
(32, 19, 1453562981, 1453568464, 11, 1, 30, 0, NULL),
(33, 20, 1453563666, 1453573715, 0, 1, 0, 90, NULL),
(34, 22, 1453569084, 1453626684, 0, 0, 0, 0, NULL),
(35, 20, 1453656389, 1453663270, 0, 0, 30, 90, NULL),
(36, 20, 1453729929, 1453729932, 0, 0, 30, 90, NULL),
(37, 20, 1453735560, 1453793160, 0, 0, 30, 90, NULL),
(38, 19, 1453816992, 1453874592, 5, 5, 30, 0, NULL),
(39, 20, 1453817206, 1453874806, 5, 5, 30, 90, NULL),
(40, 20, 1454007260, 1454007264, 0, 0, 30, 90, NULL),
(41, 19, 1454087886, 1454145486, 0, 0, 30, 0, NULL),
(42, 20, 1454238615, 1454296215, 0, 0, 30, 90, NULL),
(43, 10, 1454405925, 1454405931, 10, 100, 10, 20, NULL),
(44, 16, 1454407140, 1454407261, 0, 10, 65, 5, NULL),
(45, 16, 1454407293, 1454407428, 0, 3, 65, 5, NULL),
(46, 16, 1454407431, 1454465031, 3, 3, 65, 5, NULL),
(47, 10, 1454407537, 1454407543, 0, 0, 10, 0, NULL),
(48, 10, 1454413378, 1454413380, 0, 0, 10, 0, NULL),
(49, 17, 1454414135, 1454418765, 0, 20, 30, 10, 'Ничего не сделал'),
(50, 17, 1454418799, 1454476399, 0, 0, 30, 10, NULL),
(51, 17, 1454692139, 1454692148, 0, 1, 30, 10, 'jkadjnadjkasjk'),
(52, 17, 1454693176, 1454693185, 0, 2, 30, 10, 'klsdklsdfmklsfvmk'),
(53, 17, 1454751920, 1454809520, 0, 0, 30, 10, NULL),
(54, 20, 1454867504, 1454867517, 0, 0, 30, 90, 'Все хорошо'),
(55, 20, 1454870370, 1454870391, 0, 0, 30, 90, 'Закрываю отчет за день'),
(56, 19, 1455050221, 1455050253, 0, 0, 30, 0, 'ку- ку '),
(57, 20, 1455050379, 1455050456, 0, 0, 30, 0, 'Тест. доп параметра!'),
(58, 20, 1455102993, 1455130255, 0, 0, 30, 0, '1'),
(59, 20, 1455130478, 1455130494, 0, 0, 30, 0, '2'),
(60, 20, 1455201102, 1455201117, 0, 0, 30, 0, 'все окей'),
(61, 20, 1455204552, 1455204570, 0, 0, 30, 0, 'ап'),
(62, 20, 1455209759, 1455217212, 0, 0, 30, 0, '1'),
(63, 19, 1455216995, 1455217013, 0, 0, 30, 0, 'cds'),
(64, 20, 1455291919, 1455291930, 0, 0, 30, 0, 'dfgd'),
(65, 17, 1455295869, 1455353469, 0, 0, 30, 10, NULL),
(66, 1, 1455872428, 1455872444, 0, 100, 10, 10, 'закрыл'),
(67, 18, 1455873353, 1455873356, 0, 0, 0, 0, '3'),
(68, 17, 1455883927, 1455883949, 0, 777, 30, 10, 'Все сделал'),
(69, 1, 1456127246, 1456127282, 0, 10, 10, 10, 'Lorem ipsum dolor sit amet, consectetur adipiscing elit, sed do eiusmod tempor incididunt ut labore et dolore magna aliqua. Ut enim ad minim veniam, quis nostrud exercitation ullamco laboris nisi ut aliquip ex ea commodo consequat. Duis aute irure dolor i');

/*!40101 SET CHARACTER_SET_CLIENT=@OLD_CHARACTER_SET_CLIENT */;
/*!40101 SET CHARACTER_SET_RESULTS=@OLD_CHARACTER_SET_RESULTS */;
/*!40101 SET COLLATION_CONNECTION=@OLD_COLLATION_CONNECTION */;
